,articulo,year,month,cantidad,transacciones,venta_pen,fuente_suministro,lt,fecha,Hibridos y Electricos,Livianos,Menores,Pesados,Remolques y SemiR,Neumáticos,Lubricantes,Partes de Motor,Filtros,Otros consumibles,Partes eléctricas,Sistema de transmisión,Partes de carrocería,Sistema de frenos,Baterías,Sistema de suspensión,Accesorios,Ruedas y sus partes,Productos de caucho,Sistema de dirección,Sistema de enfriamiento,Ejes y diferencial,Sistema de escape,Hibridos y Electricos_lag_1,Livianos_lag_1,Menores_lag_1,Pesados_lag_1,Remolques y SemiR_lag_1,Hibridos y Electricos_lag_2,Livianos_lag_2,Menores_lag_2,Pesados_lag_2,Remolques y SemiR_lag_2,Hibridos y Electricos_lag_3,Livianos_lag_3,Menores_lag_3,Pesados_lag_3,Remolques y SemiR_lag_3,Hibridos y Electricos_lag_4,Livianos_lag_4,Menores_lag_4,Pesados_lag_4,Remolques y SemiR_lag_4,Hibridos y Electricos_lag_5,Livianos_lag_5,Menores_lag_5,Pesados_lag_5,Remolques y SemiR_lag_5,Hibridos y Electricos_lag_6,Livianos_lag_6,Menores_lag_6,Pesados_lag_6,Remolques y SemiR_lag_6,Hibridos y Electricos_lag_7,Livianos_lag_7,Menores_lag_7,Pesados_lag_7,Remolques y SemiR_lag_7,Neumáticos_lag_1,Lubricantes_lag_1,Partes de Motor_lag_1,Filtros_lag_1,Otros consumibles_lag_1,Partes eléctricas_lag_1,Sistema de transmisión_lag_1,Partes de carrocería_lag_1,Sistema de frenos_lag_1,Baterías_lag_1,Sistema de suspensión_lag_1,Accesorios_lag_1,Ruedas y sus partes_lag_1,Productos de caucho_lag_1,Sistema de dirección_lag_1,Sistema de enfriamiento_lag_1,Ejes y diferencial_lag_1,Sistema de escape_lag_1,Neumáticos_lag_2,Lubricantes_lag_2,Partes de Motor_lag_2,Filtros_lag_2,Otros consumibles_lag_2,Partes eléctricas_lag_2,Sistema de transmisión_lag_2,Partes de carrocería_lag_2,Sistema de frenos_lag_2,Baterías_lag_2,Sistema de suspensión_lag_2,Accesorios_lag_2,Ruedas y sus partes_lag_2,Productos de caucho_lag_2,Sistema de dirección_lag_2,Sistema de enfriamiento_lag_2,Ejes y diferencial_lag_2,Sistema de escape_lag_2,Neumáticos_lag_3,Lubricantes_lag_3,Partes de Motor_lag_3,Filtros_lag_3,Otros consumibles_lag_3,Partes eléctricas_lag_3,Sistema de transmisión_lag_3,Partes de carrocería_lag_3,Sistema de frenos_lag_3,Baterías_lag_3,Sistema de suspensión_lag_3,Accesorios_lag_3,Ruedas y sus partes_lag_3,Productos de caucho_lag_3,Sistema de dirección_lag_3,Sistema de enfriamiento_lag_3,Ejes y diferencial_lag_3,Sistema de escape_lag_3,Neumáticos_lag_4,Lubricantes_lag_4,Partes de Motor_lag_4,Filtros_lag_4,Otros consumibles_lag_4,Partes eléctricas_lag_4,Sistema de transmisión_lag_4,Partes de carrocería_lag_4,Sistema de frenos_lag_4,Baterías_lag_4,Sistema de suspensión_lag_4,Accesorios_lag_4,Ruedas y sus partes_lag_4,Productos de caucho_lag_4,Sistema de dirección_lag_4,Sistema de enfriamiento_lag_4,Ejes y diferencial_lag_4,Sistema de escape_lag_4,Neumáticos_lag_5,Lubricantes_lag_5,Partes de Motor_lag_5,Filtros_lag_5,Otros consumibles_lag_5,Partes eléctricas_lag_5,Sistema de transmisión_lag_5,Partes de carrocería_lag_5,Sistema de frenos_lag_5,Baterías_lag_5,Sistema de suspensión_lag_5,Accesorios_lag_5,Ruedas y sus partes_lag_5,Productos de caucho_lag_5,Sistema de dirección_lag_5,Sistema de enfriamiento_lag_5,Ejes y diferencial_lag_5,Sistema de escape_lag_5,Neumáticos_lag_6,Lubricantes_lag_6,Partes de Motor_lag_6,Filtros_lag_6,Otros consumibles_lag_6,Partes eléctricas_lag_6,Sistema de transmisión_lag_6,Partes de carrocería_lag_6,Sistema de frenos_lag_6,Baterías_lag_6,Sistema de suspensión_lag_6,Accesorios_lag_6,Ruedas y sus partes_lag_6,Productos de caucho_lag_6,Sistema de dirección_lag_6,Sistema de enfriamiento_lag_6,Ejes y diferencial_lag_6,Sistema de escape_lag_6,Neumáticos_lag_7,Lubricantes_lag_7,Partes de Motor_lag_7,Filtros_lag_7,Otros consumibles_lag_7,Partes eléctricas_lag_7,Sistema de transmisión_lag_7,Partes de carrocería_lag_7,Sistema de frenos_lag_7,Baterías_lag_7,Sistema de suspensión_lag_7,Accesorios_lag_7,Ruedas y sus partes_lag_7,Productos de caucho_lag_7,Sistema de dirección_lag_7,Sistema de enfriamiento_lag_7,Ejes y diferencial_lag_7,Sistema de escape_lag_7
33,paw68a500,2023,10,656.0,35,86837.96,prextoline - lubricantes,2.0,2023-10-01,0.0,12644.0,25774.0,1592.0,542.0,56412573.72900006,24520598.088000007,36242126.44599997,16125987.892999982,11602648.921000024,9521905.763000002,8063201.026999998,10103688.697000004,5013939.109000001,4309071.615999999,3701156.725000001,2910591.9399999995,1951798.9459999965,3059253.1020000023,1744184.1500000004,1696729.6269999982,1165666.0079999992,793958.8599999995,0.0,13202.0,28212.0,1519.0,440.0,0.0,14609.0,30812.0,1629.0,421.0,0.0,13316.0,26992.0,1513.0,380.0,0.0,13706.0,26523.0,1394.0,369.0,0.0,15118.0,33382.0,1611.0,396.0,0.0,12324.0,26190.0,1247.0,359.0,0.0,16629.0,32218.0,1399.0,356.0,43425273.85999999,28447407.34099999,30928171.96799998,14756650.118999992,11773841.35600001,8026876.155999997,6986127.310000004,7055238.2200000165,5514162.802999998,3547155.657999997,3910103.415000001,2969522.3859999995,2208486.548999998,2533712.2460000007,1823197.571000001,1637822.8240000024,1380710.127,603038.8370000006,52553238.67800002,36261267.32399997,27771050.159999978,18254692.353999987,10747113.836,8290761.008000004,7793651.246999993,8955256.675000004,4373362.372000004,3481704.8670000075,2795052.072000007,2435712.842999999,1919175.3179999948,2829259.815000001,1727867.7699999989,1390336.8150000004,1099629.2219999996,602904.1360000003,52707820.748000026,31224020.66300002,28769463.92799999,15824866.467000002,12104006.82,7110205.337000012,6672533.418999999,7555486.28700001,4874330.600000002,3954943.802000003,3180705.530000005,3047855.751,1735087.4069999985,1650860.0730000008,1839860.7380000008,1151752.123000003,782271.6520000006,664883.9230000001,46098920.87699998,24738961.784,31405539.687999982,15352430.818999998,10766333.276000002,7421086.100999998,9156615.383999998,6993256.892,4685583.710000005,3916680.720000008,2756493.783000004,2793501.1950000003,1784880.0160000045,2885465.428000001,1526234.585,1485560.7690000006,970723.9779999992,575652.3840000002,41874444.12899997,24325405.048999995,27469636.44399999,13229433.780000005,10874001.119999988,7790756.377000002,7447143.835000012,7107381.232000005,4399207.306000001,3426697.8889999995,3940173.847,2813902.064,1214237.914000001,3149905.777,1391844.8610000005,1203499.9149999989,1054928.6089999992,522357.008,40233311.763,26220845.62499998,23978147.85899999,12439342.98599999,9616532.528000006,6698249.538000004,8841187.484000012,6212448.161000003,3585789.206000003,2763418.4719999954,2360676.494000001,2195154.163,1177913.663000001,2332489.8180000014,1657804.0710000002,1009083.3099999971,970450.2769999997,392262.07999999984,44678035.06,38608582.30199997,27321119.554999977,13573067.37600001,12027036.14200002,5727405.424999999,8203734.572,6069593.187,3874799.0489999983,2967750.103,3303728.6860000007,3628483.199000001,1862734.085,2792710.520999997,892958.1709999988,1016877.4789999988,882945.8950000003,460532.3070000001
34,paw68a500,2023,11,1112.0,47,142686.25,prextoline - lubricantes,2.0,2023-11-01,0.0,12322.0,24157.0,1523.0,349.0,53552773.48199999,29826336.169000003,34384407.75900001,15824811.14499998,9560597.690999996,7342213.569000008,10257908.821,8134235.123000013,4176636.7969999914,4265582.442999999,3454390.8229999985,2524081.692,2037939.1289999995,2375865.3130000005,1875313.848,1223084.2249999978,1217872.3620000002,782775.4289999993,0.0,12644.0,25774.0,1592.0,542.0,0.0,13202.0,28212.0,1519.0,440.0,0.0,14609.0,30812.0,1629.0,421.0,0.0,13316.0,26992.0,1513.0,380.0,0.0,13706.0,26523.0,1394.0,369.0,0.0,15118.0,33382.0,1611.0,396.0,0.0,12324.0,26190.0,1247.0,359.0,56412573.72900006,24520598.088000007,36242126.44599997,16125987.892999982,11602648.921000024,9521905.763000002,8063201.026999998,10103688.697000004,5013939.109000001,4309071.615999999,3701156.725000001,2910591.9399999995,1951798.9459999965,3059253.1020000023,1744184.1500000004,1696729.6269999982,1165666.0079999992,793958.8599999995,43425273.85999999,28447407.34099999,30928171.96799998,14756650.118999992,11773841.35600001,8026876.155999997,6986127.310000004,7055238.2200000165,5514162.802999998,3547155.657999997,3910103.415000001,2969522.3859999995,2208486.548999998,2533712.2460000007,1823197.571000001,1637822.8240000024,1380710.127,603038.8370000006,52553238.67800002,36261267.32399997,27771050.159999978,18254692.353999987,10747113.836,8290761.008000004,7793651.246999993,8955256.675000004,4373362.372000004,3481704.8670000075,2795052.072000007,2435712.842999999,1919175.3179999948,2829259.815000001,1727867.7699999989,1390336.8150000004,1099629.2219999996,602904.1360000003,52707820.748000026,31224020.66300002,28769463.92799999,15824866.467000002,12104006.82,7110205.337000012,6672533.418999999,7555486.28700001,4874330.600000002,3954943.802000003,3180705.530000005,3047855.751,1735087.4069999985,1650860.0730000008,1839860.7380000008,1151752.123000003,782271.6520000006,664883.9230000001,46098920.87699998,24738961.784,31405539.687999982,15352430.818999998,10766333.276000002,7421086.100999998,9156615.383999998,6993256.892,4685583.710000005,3916680.720000008,2756493.783000004,2793501.1950000003,1784880.0160000045,2885465.428000001,1526234.585,1485560.7690000006,970723.9779999992,575652.3840000002,41874444.12899997,24325405.048999995,27469636.44399999,13229433.780000005,10874001.119999988,7790756.377000002,7447143.835000012,7107381.232000005,4399207.306000001,3426697.8889999995,3940173.847,2813902.064,1214237.914000001,3149905.777,1391844.8610000005,1203499.9149999989,1054928.6089999992,522357.008,40233311.763,26220845.62499998,23978147.85899999,12439342.98599999,9616532.528000006,6698249.538000004,8841187.484000012,6212448.161000003,3585789.206000003,2763418.4719999954,2360676.494000001,2195154.163,1177913.663000001,2332489.8180000014,1657804.0710000002,1009083.3099999971,970450.2769999997,392262.07999999984
35,paw68a500,2023,12,583.0,27,74148.59,prextoline - lubricantes,2.0,2023-12-01,0.0,11629.0,19731.0,1331.0,283.0,49408176.59399998,27620222.248,31963454.63599997,14591639.47599998,10808994.171999997,7932753.134,8898452.992999997,8331949.591000001,5026040.145999992,3363903.932,3245023.3610000024,2702417.816,1587177.0170000002,2277515.666000001,2110113.487000001,1591462.398999995,1173645.1349999995,766248.5440000001,0.0,12322.0,24157.0,1523.0,349.0,0.0,12644.0,25774.0,1592.0,542.0,0.0,13202.0,28212.0,1519.0,440.0,0.0,14609.0,30812.0,1629.0,421.0,0.0,13316.0,26992.0,1513.0,380.0,0.0,13706.0,26523.0,1394.0,369.0,0.0,15118.0,33382.0,1611.0,396.0,53552773.48199999,29826336.169000003,34384407.75900001,15824811.14499998,9560597.690999996,7342213.569000008,10257908.821,8134235.123000013,4176636.7969999914,4265582.442999999,3454390.8229999985,2524081.692,2037939.1289999995,2375865.3130000005,1875313.848,1223084.2249999978,1217872.3620000002,782775.4289999993,56412573.72900006,24520598.088000007,36242126.44599997,16125987.892999982,11602648.921000024,9521905.763000002,8063201.026999998,10103688.697000004,5013939.109000001,4309071.615999999,3701156.725000001,2910591.9399999995,1951798.9459999965,3059253.1020000023,1744184.1500000004,1696729.6269999982,1165666.0079999992,793958.8599999995,43425273.85999999,28447407.34099999,30928171.96799998,14756650.118999992,11773841.35600001,8026876.155999997,6986127.310000004,7055238.2200000165,5514162.802999998,3547155.657999997,3910103.415000001,2969522.3859999995,2208486.548999998,2533712.2460000007,1823197.571000001,1637822.8240000024,1380710.127,603038.8370000006,52553238.67800002,36261267.32399997,27771050.159999978,18254692.353999987,10747113.836,8290761.008000004,7793651.246999993,8955256.675000004,4373362.372000004,3481704.8670000075,2795052.072000007,2435712.842999999,1919175.3179999948,2829259.815000001,1727867.7699999989,1390336.8150000004,1099629.2219999996,602904.1360000003,52707820.748000026,31224020.66300002,28769463.92799999,15824866.467000002,12104006.82,7110205.337000012,6672533.418999999,7555486.28700001,4874330.600000002,3954943.802000003,3180705.530000005,3047855.751,1735087.4069999985,1650860.0730000008,1839860.7380000008,1151752.123000003,782271.6520000006,664883.9230000001,46098920.87699998,24738961.784,31405539.687999982,15352430.818999998,10766333.276000002,7421086.100999998,9156615.383999998,6993256.892,4685583.710000005,3916680.720000008,2756493.783000004,2793501.1950000003,1784880.0160000045,2885465.428000001,1526234.585,1485560.7690000006,970723.9779999992,575652.3840000002,41874444.12899997,24325405.048999995,27469636.44399999,13229433.780000005,10874001.119999988,7790756.377000002,7447143.835000012,7107381.232000005,4399207.306000001,3426697.8889999995,3940173.847,2813902.064,1214237.914000001,3149905.777,1391844.8610000005,1203499.9149999989,1054928.6089999992,522357.008
36,paw68a500,2024,1,422.0,24,53866.5,prextoline - lubricantes,2.0,2024-01-01,0.0,28308.0,48186.0,2990.0,283.0,41835739.71200004,30008898.422000013,32961384.53700002,16092386.35000001,9329506.559999991,7661965.838999997,7894586.412000008,6570598.516999987,3905878.995999997,4925436.563999998,4309228.098000004,2130345.982000001,2028451.942,2630600.291000001,2617065.462,1392775.5240000004,862943.8420000002,825729.773,0.0,11629.0,19731.0,1331.0,283.0,0.0,12322.0,24157.0,1523.0,349.0,0.0,12644.0,25774.0,1592.0,542.0,0.0,13202.0,28212.0,1519.0,440.0,0.0,14609.0,30812.0,1629.0,421.0,0.0,13316.0,26992.0,1513.0,380.0,0.0,13706.0,26523.0,1394.0,369.0,49408176.59399998,27620222.248,31963454.63599997,14591639.47599998,10808994.171999997,7932753.134,8898452.992999997,8331949.591000001,5026040.145999992,3363903.932,3245023.3610000024,2702417.816,1587177.0170000002,2277515.666000001,2110113.487000001,1591462.398999995,1173645.1349999995,766248.5440000001,53552773.48199999,29826336.169000003,34384407.75900001,15824811.14499998,9560597.690999996,7342213.569000008,10257908.821,8134235.123000013,4176636.7969999914,4265582.442999999,3454390.8229999985,2524081.692,2037939.1289999995,2375865.3130000005,1875313.848,1223084.2249999978,1217872.3620000002,782775.4289999993,56412573.72900006,24520598.088000007,36242126.44599997,16125987.892999982,11602648.921000024,9521905.763000002,8063201.026999998,10103688.697000004,5013939.109000001,4309071.615999999,3701156.725000001,2910591.9399999995,1951798.9459999965,3059253.1020000023,1744184.1500000004,1696729.6269999982,1165666.0079999992,793958.8599999995,43425273.85999999,28447407.34099999,30928171.96799998,14756650.118999992,11773841.35600001,8026876.155999997,6986127.310000004,7055238.2200000165,5514162.802999998,3547155.657999997,3910103.415000001,2969522.3859999995,2208486.548999998,2533712.2460000007,1823197.571000001,1637822.8240000024,1380710.127,603038.8370000006,52553238.67800002,36261267.32399997,27771050.159999978,18254692.353999987,10747113.836,8290761.008000004,7793651.246999993,8955256.675000004,4373362.372000004,3481704.8670000075,2795052.072000007,2435712.842999999,1919175.3179999948,2829259.815000001,1727867.7699999989,1390336.8150000004,1099629.2219999996,602904.1360000003,52707820.748000026,31224020.66300002,28769463.92799999,15824866.467000002,12104006.82,7110205.337000012,6672533.418999999,7555486.28700001,4874330.600000002,3954943.802000003,3180705.530000005,3047855.751,1735087.4069999985,1650860.0730000008,1839860.7380000008,1151752.123000003,782271.6520000006,664883.9230000001,46098920.87699998,24738961.784,31405539.687999982,15352430.818999998,10766333.276000002,7421086.100999998,9156615.383999998,6993256.892,4685583.710000005,3916680.720000008,2756493.783000004,2793501.1950000003,1784880.0160000045,2885465.428000001,1526234.585,1485560.7690000006,970723.9779999992,575652.3840000002
37,paw68a500,2024,2,1019.0,35,130062.67,prextoline - lubricantes,2.0,2024-02-01,0.0,27870.0,57020.0,2898.0,283.0,40321531.02000001,47426878.221999966,34135053.62800008,15857775.846999986,10439660.931000017,6578513.700000001,7399787.962999996,6254745.309000003,5033333.977000003,2503453.72,3048319.855,2540745.335999999,1059859.7440000006,2930122.333000001,1816757.0060000012,1899020.9509999997,1325881.8929999997,928281.346,0.0,28308.0,48186.0,2990.0,283.0,0.0,11629.0,19731.0,1331.0,283.0,0.0,12322.0,24157.0,1523.0,349.0,0.0,12644.0,25774.0,1592.0,542.0,0.0,13202.0,28212.0,1519.0,440.0,0.0,14609.0,30812.0,1629.0,421.0,0.0,13316.0,26992.0,1513.0,380.0,41835739.71200004,30008898.422000013,32961384.53700002,16092386.35000001,9329506.559999991,7661965.838999997,7894586.412000008,6570598.516999987,3905878.995999997,4925436.563999998,4309228.098000004,2130345.982000001,2028451.942,2630600.291000001,2617065.462,1392775.5240000004,862943.8420000002,825729.773,49408176.59399998,27620222.248,31963454.63599997,14591639.47599998,10808994.171999997,7932753.134,8898452.992999997,8331949.591000001,5026040.145999992,3363903.932,3245023.3610000024,2702417.816,1587177.0170000002,2277515.666000001,2110113.487000001,1591462.398999995,1173645.1349999995,766248.5440000001,53552773.48199999,29826336.169000003,34384407.75900001,15824811.14499998,9560597.690999996,7342213.569000008,10257908.821,8134235.123000013,4176636.7969999914,4265582.442999999,3454390.8229999985,2524081.692,2037939.1289999995,2375865.3130000005,1875313.848,1223084.2249999978,1217872.3620000002,782775.4289999993,56412573.72900006,24520598.088000007,36242126.44599997,16125987.892999982,11602648.921000024,9521905.763000002,8063201.026999998,10103688.697000004,5013939.109000001,4309071.615999999,3701156.725000001,2910591.9399999995,1951798.9459999965,3059253.1020000023,1744184.1500000004,1696729.6269999982,1165666.0079999992,793958.8599999995,43425273.85999999,28447407.34099999,30928171.96799998,14756650.118999992,11773841.35600001,8026876.155999997,6986127.310000004,7055238.2200000165,5514162.802999998,3547155.657999997,3910103.415000001,2969522.3859999995,2208486.548999998,2533712.2460000007,1823197.571000001,1637822.8240000024,1380710.127,603038.8370000006,52553238.67800002,36261267.32399997,27771050.159999978,18254692.353999987,10747113.836,8290761.008000004,7793651.246999993,8955256.675000004,4373362.372000004,3481704.8670000075,2795052.072000007,2435712.842999999,1919175.3179999948,2829259.815000001,1727867.7699999989,1390336.8150000004,1099629.2219999996,602904.1360000003,52707820.748000026,31224020.66300002,28769463.92799999,15824866.467000002,12104006.82,7110205.337000012,6672533.418999999,7555486.28700001,4874330.600000002,3954943.802000003,3180705.530000005,3047855.751,1735087.4069999985,1650860.0730000008,1839860.7380000008,1151752.123000003,782271.6520000006,664883.9230000001
38,paw68a500,2024,3,1284.0,51,160484.96,prextoline - lubricantes,2.0,2024-03-01,0.0,23178.0,51552.0,2712.0,283.0,35605605.68500001,31617930.891999997,33433025.51099988,14244383.427000014,10735168.856999982,6596237.624000014,7612093.830000003,5911655.666999992,5055245.111999998,2905065.4700000016,3235908.5590000013,2381559.326999998,946406.0530000004,2293310.11,2031313.422,1108950.1179999998,970134.4900000005,755508.7969999999,0.0,27870.0,57020.0,2898.0,283.0,0.0,28308.0,48186.0,2990.0,283.0,0.0,11629.0,19731.0,1331.0,283.0,0.0,12322.0,24157.0,1523.0,349.0,0.0,12644.0,25774.0,1592.0,542.0,0.0,13202.0,28212.0,1519.0,440.0,0.0,14609.0,30812.0,1629.0,421.0,40321531.02000001,47426878.221999966,34135053.62800008,15857775.846999986,10439660.931000017,6578513.700000001,7399787.962999996,6254745.309000003,5033333.977000003,2503453.72,3048319.855,2540745.335999999,1059859.7440000006,2930122.333000001,1816757.0060000012,1899020.9509999997,1325881.8929999997,928281.346,41835739.71200004,30008898.422000013,32961384.53700002,16092386.35000001,9329506.559999991,7661965.838999997,7894586.412000008,6570598.516999987,3905878.995999997,4925436.563999998,4309228.098000004,2130345.982000001,2028451.942,2630600.291000001,2617065.462,1392775.5240000004,862943.8420000002,825729.773,49408176.59399998,27620222.248,31963454.63599997,14591639.47599998,10808994.171999997,7932753.134,8898452.992999997,8331949.591000001,5026040.145999992,3363903.932,3245023.3610000024,2702417.816,1587177.0170000002,2277515.666000001,2110113.487000001,1591462.398999995,1173645.1349999995,766248.5440000001,53552773.48199999,29826336.169000003,34384407.75900001,15824811.14499998,9560597.690999996,7342213.569000008,10257908.821,8134235.123000013,4176636.7969999914,4265582.442999999,3454390.8229999985,2524081.692,2037939.1289999995,2375865.3130000005,1875313.848,1223084.2249999978,1217872.3620000002,782775.4289999993,56412573.72900006,24520598.088000007,36242126.44599997,16125987.892999982,11602648.921000024,9521905.763000002,8063201.026999998,10103688.697000004,5013939.109000001,4309071.615999999,3701156.725000001,2910591.9399999995,1951798.9459999965,3059253.1020000023,1744184.1500000004,1696729.6269999982,1165666.0079999992,793958.8599999995,43425273.85999999,28447407.34099999,30928171.96799998,14756650.118999992,11773841.35600001,8026876.155999997,6986127.310000004,7055238.2200000165,5514162.802999998,3547155.657999997,3910103.415000001,2969522.3859999995,2208486.548999998,2533712.2460000007,1823197.571000001,1637822.8240000024,1380710.127,603038.8370000006,52553238.67800002,36261267.32399997,27771050.159999978,18254692.353999987,10747113.836,8290761.008000004,7793651.246999993,8955256.675000004,4373362.372000004,3481704.8670000075,2795052.072000007,2435712.842999999,1919175.3179999948,2829259.815000001,1727867.7699999989,1390336.8150000004,1099629.2219999996,602904.1360000003
39,paw68a500,2024,4,456.0,28,57327.5,prextoline - lubricantes,2.0,2024-04-01,0.0,25906.0,62972.0,3206.0,283.0,51806702.75200005,36864588.65100004,34965058.61100004,19958192.125000022,13098264.57799998,7734936.906999975,6999585.662999993,7147934.665000009,4719584.210999996,3085818.2310000006,3754588.558999996,3258681.0230000005,1203501.2900000005,2711590.023999999,2128533.158999999,1176902.7970000007,1249975.5210000002,805008.3469999998,0.0,23178.0,51552.0,2712.0,283.0,0.0,27870.0,57020.0,2898.0,283.0,0.0,28308.0,48186.0,2990.0,283.0,0.0,11629.0,19731.0,1331.0,283.0,0.0,12322.0,24157.0,1523.0,349.0,0.0,12644.0,25774.0,1592.0,542.0,0.0,13202.0,28212.0,1519.0,440.0,35605605.68500001,31617930.891999997,33433025.51099988,14244383.427000014,10735168.856999982,6596237.624000014,7612093.830000003,5911655.666999992,5055245.111999998,2905065.4700000016,3235908.5590000013,2381559.326999998,946406.0530000004,2293310.11,2031313.422,1108950.1179999998,970134.4900000005,755508.7969999999,40321531.02000001,47426878.221999966,34135053.62800008,15857775.846999986,10439660.931000017,6578513.700000001,7399787.962999996,6254745.309000003,5033333.977000003,2503453.72,3048319.855,2540745.335999999,1059859.7440000006,2930122.333000001,1816757.0060000012,1899020.9509999997,1325881.8929999997,928281.346,41835739.71200004,30008898.422000013,32961384.53700002,16092386.35000001,9329506.559999991,7661965.838999997,7894586.412000008,6570598.516999987,3905878.995999997,4925436.563999998,4309228.098000004,2130345.982000001,2028451.942,2630600.291000001,2617065.462,1392775.5240000004,862943.8420000002,825729.773,49408176.59399998,27620222.248,31963454.63599997,14591639.47599998,10808994.171999997,7932753.134,8898452.992999997,8331949.591000001,5026040.145999992,3363903.932,3245023.3610000024,2702417.816,1587177.0170000002,2277515.666000001,2110113.487000001,1591462.398999995,1173645.1349999995,766248.5440000001,53552773.48199999,29826336.169000003,34384407.75900001,15824811.14499998,9560597.690999996,7342213.569000008,10257908.821,8134235.123000013,4176636.7969999914,4265582.442999999,3454390.8229999985,2524081.692,2037939.1289999995,2375865.3130000005,1875313.848,1223084.2249999978,1217872.3620000002,782775.4289999993,56412573.72900006,24520598.088000007,36242126.44599997,16125987.892999982,11602648.921000024,9521905.763000002,8063201.026999998,10103688.697000004,5013939.109000001,4309071.615999999,3701156.725000001,2910591.9399999995,1951798.9459999965,3059253.1020000023,1744184.1500000004,1696729.6269999982,1165666.0079999992,793958.8599999995,43425273.85999999,28447407.34099999,30928171.96799998,14756650.118999992,11773841.35600001,8026876.155999997,6986127.310000004,7055238.2200000165,5514162.802999998,3547155.657999997,3910103.415000001,2969522.3859999995,2208486.548999998,2533712.2460000007,1823197.571000001,1637822.8240000024,1380710.127,603038.8370000006
40,paw68a500,2024,5,719.0,30,90082.59,prextoline - lubricantes,2.0,2024-05-01,0.0,24106.0,59218.0,2990.0,283.0,41140023.34599996,26607446.69100001,36997098.44600007,17069081.620999977,11748422.408999994,7433274.447999997,8477392.667999996,6734249.983000005,5666646.112000003,4613678.571,3407936.4670000016,2407525.253000004,1607189.2599999988,3129737.12,1934979.697000001,1555641.4680000013,1434224.1749999996,719832.2450000001,0.0,25906.0,62972.0,3206.0,283.0,0.0,23178.0,51552.0,2712.0,283.0,0.0,27870.0,57020.0,2898.0,283.0,0.0,28308.0,48186.0,2990.0,283.0,0.0,11629.0,19731.0,1331.0,283.0,0.0,12322.0,24157.0,1523.0,349.0,0.0,12644.0,25774.0,1592.0,542.0,51806702.75200005,36864588.65100004,34965058.61100004,19958192.125000022,13098264.57799998,7734936.906999975,6999585.662999993,7147934.665000009,4719584.210999996,3085818.2310000006,3754588.558999996,3258681.0230000005,1203501.2900000005,2711590.023999999,2128533.158999999,1176902.7970000007,1249975.5210000002,805008.3469999998,35605605.68500001,31617930.891999997,33433025.51099988,14244383.427000014,10735168.856999982,6596237.624000014,7612093.830000003,5911655.666999992,5055245.111999998,2905065.4700000016,3235908.5590000013,2381559.326999998,946406.0530000004,2293310.11,2031313.422,1108950.1179999998,970134.4900000005,755508.7969999999,40321531.02000001,47426878.221999966,34135053.62800008,15857775.846999986,10439660.931000017,6578513.700000001,7399787.962999996,6254745.309000003,5033333.977000003,2503453.72,3048319.855,2540745.335999999,1059859.7440000006,2930122.333000001,1816757.0060000012,1899020.9509999997,1325881.8929999997,928281.346,41835739.71200004,30008898.422000013,32961384.53700002,16092386.35000001,9329506.559999991,7661965.838999997,7894586.412000008,6570598.516999987,3905878.995999997,4925436.563999998,4309228.098000004,2130345.982000001,2028451.942,2630600.291000001,2617065.462,1392775.5240000004,862943.8420000002,825729.773,49408176.59399998,27620222.248,31963454.63599997,14591639.47599998,10808994.171999997,7932753.134,8898452.992999997,8331949.591000001,5026040.145999992,3363903.932,3245023.3610000024,2702417.816,1587177.0170000002,2277515.666000001,2110113.487000001,1591462.398999995,1173645.1349999995,766248.5440000001,53552773.48199999,29826336.169000003,34384407.75900001,15824811.14499998,9560597.690999996,7342213.569000008,10257908.821,8134235.123000013,4176636.7969999914,4265582.442999999,3454390.8229999985,2524081.692,2037939.1289999995,2375865.3130000005,1875313.848,1223084.2249999978,1217872.3620000002,782775.4289999993,56412573.72900006,24520598.088000007,36242126.44599997,16125987.892999982,11602648.921000024,9521905.763000002,8063201.026999998,10103688.697000004,5013939.109000001,4309071.615999999,3701156.725000001,2910591.9399999995,1951798.9459999965,3059253.1020000023,1744184.1500000004,1696729.6269999982,1165666.0079999992,793958.8599999995
41,paw68a500,2024,6,473.0,25,59556.25,prextoline - lubricantes,2.0,2024-06-01,0.0,21674.0,49688.0,2806.0,283.0,52409962.92199999,32706065.639999997,34851735.167000055,16701515.004999964,10912261.54000002,7488808.849999999,7059264.239000008,6504778.879000004,5056007.532000002,3808256.634,3474649.149000002,3475817.365999997,1381551.2980000009,2247403.970999998,1728722.978,1136118.0100000002,863391.3979999999,723756.243,0.0,24106.0,59218.0,2990.0,283.0,0.0,25906.0,62972.0,3206.0,283.0,0.0,23178.0,51552.0,2712.0,283.0,0.0,27870.0,57020.0,2898.0,283.0,0.0,28308.0,48186.0,2990.0,283.0,0.0,11629.0,19731.0,1331.0,283.0,0.0,12322.0,24157.0,1523.0,349.0,41140023.34599996,26607446.69100001,36997098.44600007,17069081.620999977,11748422.408999994,7433274.447999997,8477392.667999996,6734249.983000005,5666646.112000003,4613678.571,3407936.4670000016,2407525.253000004,1607189.2599999988,3129737.12,1934979.697000001,1555641.4680000013,1434224.1749999996,719832.2450000001,51806702.75200005,36864588.65100004,34965058.61100004,19958192.125000022,13098264.57799998,7734936.906999975,6999585.662999993,7147934.665000009,4719584.210999996,3085818.2310000006,3754588.558999996,3258681.0230000005,1203501.2900000005,2711590.023999999,2128533.158999999,1176902.7970000007,1249975.5210000002,805008.3469999998,35605605.68500001,31617930.891999997,33433025.51099988,14244383.427000014,10735168.856999982,6596237.624000014,7612093.830000003,5911655.666999992,5055245.111999998,2905065.4700000016,3235908.5590000013,2381559.326999998,946406.0530000004,2293310.11,2031313.422,1108950.1179999998,970134.4900000005,755508.7969999999,40321531.02000001,47426878.221999966,34135053.62800008,15857775.846999986,10439660.931000017,6578513.700000001,7399787.962999996,6254745.309000003,5033333.977000003,2503453.72,3048319.855,2540745.335999999,1059859.7440000006,2930122.333000001,1816757.0060000012,1899020.9509999997,1325881.8929999997,928281.346,41835739.71200004,30008898.422000013,32961384.53700002,16092386.35000001,9329506.559999991,7661965.838999997,7894586.412000008,6570598.516999987,3905878.995999997,4925436.563999998,4309228.098000004,2130345.982000001,2028451.942,2630600.291000001,2617065.462,1392775.5240000004,862943.8420000002,825729.773,49408176.59399998,27620222.248,31963454.63599997,14591639.47599998,10808994.171999997,7932753.134,8898452.992999997,8331949.591000001,5026040.145999992,3363903.932,3245023.3610000024,2702417.816,1587177.0170000002,2277515.666000001,2110113.487000001,1591462.398999995,1173645.1349999995,766248.5440000001,53552773.48199999,29826336.169000003,34384407.75900001,15824811.14499998,9560597.690999996,7342213.569000008,10257908.821,8134235.123000013,4176636.7969999914,4265582.442999999,3454390.8229999985,2524081.692,2037939.1289999995,2375865.3130000005,1875313.848,1223084.2249999978,1217872.3620000002,782775.4289999993
42,paw68a500,2024,7,674.0,35,84600.35,prextoline - lubricantes,2.0,2024-07-01,0.0,22126.0,57074.0,3090.0,283.0,51322846.51,37676271.737,34390661.632999964,14262669.129,11878199.166000022,8268421.305,8781357.055000003,8047326.21299999,5694415.224999998,3936700.998,3264612.901999998,3834248.850000002,1830614.8239999977,2839313.759000002,1933693.563000001,1460070.796,1138380.8529999997,768129.4229999996,0.0,21674.0,49688.0,2806.0,283.0,0.0,24106.0,59218.0,2990.0,283.0,0.0,25906.0,62972.0,3206.0,283.0,0.0,23178.0,51552.0,2712.0,283.0,0.0,27870.0,57020.0,2898.0,283.0,0.0,28308.0,48186.0,2990.0,283.0,0.0,11629.0,19731.0,1331.0,283.0,52409962.92199999,32706065.639999997,34851735.167000055,16701515.004999964,10912261.54000002,7488808.849999999,7059264.239000008,6504778.879000004,5056007.532000002,3808256.634,3474649.149000002,3475817.365999997,1381551.2980000009,2247403.970999998,1728722.978,1136118.0100000002,863391.3979999999,723756.243,41140023.34599996,26607446.69100001,36997098.44600007,17069081.620999977,11748422.408999994,7433274.447999997,8477392.667999996,6734249.983000005,5666646.112000003,4613678.571,3407936.4670000016,2407525.253000004,1607189.2599999988,3129737.12,1934979.697000001,1555641.4680000013,1434224.1749999996,719832.2450000001,51806702.75200005,36864588.65100004,34965058.61100004,19958192.125000022,13098264.57799998,7734936.906999975,6999585.662999993,7147934.665000009,4719584.210999996,3085818.2310000006,3754588.558999996,3258681.0230000005,1203501.2900000005,2711590.023999999,2128533.158999999,1176902.7970000007,1249975.5210000002,805008.3469999998,35605605.68500001,31617930.891999997,33433025.51099988,14244383.427000014,10735168.856999982,6596237.624000014,7612093.830000003,5911655.666999992,5055245.111999998,2905065.4700000016,3235908.5590000013,2381559.326999998,946406.0530000004,2293310.11,2031313.422,1108950.1179999998,970134.4900000005,755508.7969999999,40321531.02000001,47426878.221999966,34135053.62800008,15857775.846999986,10439660.931000017,6578513.700000001,7399787.962999996,6254745.309000003,5033333.977000003,2503453.72,3048319.855,2540745.335999999,1059859.7440000006,2930122.333000001,1816757.0060000012,1899020.9509999997,1325881.8929999997,928281.346,41835739.71200004,30008898.422000013,32961384.53700002,16092386.35000001,9329506.559999991,7661965.838999997,7894586.412000008,6570598.516999987,3905878.995999997,4925436.563999998,4309228.098000004,2130345.982000001,2028451.942,2630600.291000001,2617065.462,1392775.5240000004,862943.8420000002,825729.773,49408176.59399998,27620222.248,31963454.63599997,14591639.47599998,10808994.171999997,7932753.134,8898452.992999997,8331949.591000001,5026040.145999992,3363903.932,3245023.3610000024,2702417.816,1587177.0170000002,2277515.666000001,2110113.487000001,1591462.398999995,1173645.1349999995,766248.5440000001
43,paw68a500,2024,8,799.0,39,96249.06,prextoline - lubricantes,2.0,2024-08-01,0.0,25550.0,63536.0,2962.0,283.0,51310585.08400003,35344629.45699995,34031403.36999998,17512005.62400004,12204046.163999995,8518626.661999993,8077907.351999997,7936904.625000008,5123475.365999999,4882436.000000003,3609927.172999999,2411986.4769999995,2020174.6850000003,3239808.027000006,2725785.6399999987,1170327.6070000003,1552495.7700000005,813553.9019999999,0.0,22126.0,57074.0,3090.0,283.0,0.0,21674.0,49688.0,2806.0,283.0,0.0,24106.0,59218.0,2990.0,283.0,0.0,25906.0,62972.0,3206.0,283.0,0.0,23178.0,51552.0,2712.0,283.0,0.0,27870.0,57020.0,2898.0,283.0,0.0,28308.0,48186.0,2990.0,283.0,51322846.51,37676271.737,34390661.632999964,14262669.129,11878199.166000022,8268421.305,8781357.055000003,8047326.21299999,5694415.224999998,3936700.998,3264612.901999998,3834248.850000002,1830614.8239999977,2839313.759000002,1933693.563000001,1460070.796,1138380.8529999997,768129.4229999996,52409962.92199999,32706065.639999997,34851735.167000055,16701515.004999964,10912261.54000002,7488808.849999999,7059264.239000008,6504778.879000004,5056007.532000002,3808256.634,3474649.149000002,3475817.365999997,1381551.2980000009,2247403.970999998,1728722.978,1136118.0100000002,863391.3979999999,723756.243,41140023.34599996,26607446.69100001,36997098.44600007,17069081.620999977,11748422.408999994,7433274.447999997,8477392.667999996,6734249.983000005,5666646.112000003,4613678.571,3407936.4670000016,2407525.253000004,1607189.2599999988,3129737.12,1934979.697000001,1555641.4680000013,1434224.1749999996,719832.2450000001,51806702.75200005,36864588.65100004,34965058.61100004,19958192.125000022,13098264.57799998,7734936.906999975,6999585.662999993,7147934.665000009,4719584.210999996,3085818.2310000006,3754588.558999996,3258681.0230000005,1203501.2900000005,2711590.023999999,2128533.158999999,1176902.7970000007,1249975.5210000002,805008.3469999998,35605605.68500001,31617930.891999997,33433025.51099988,14244383.427000014,10735168.856999982,6596237.624000014,7612093.830000003,5911655.666999992,5055245.111999998,2905065.4700000016,3235908.5590000013,2381559.326999998,946406.0530000004,2293310.11,2031313.422,1108950.1179999998,970134.4900000005,755508.7969999999,40321531.02000001,47426878.221999966,34135053.62800008,15857775.846999986,10439660.931000017,6578513.700000001,7399787.962999996,6254745.309000003,5033333.977000003,2503453.72,3048319.855,2540745.335999999,1059859.7440000006,2930122.333000001,1816757.0060000012,1899020.9509999997,1325881.8929999997,928281.346,41835739.71200004,30008898.422000013,32961384.53700002,16092386.35000001,9329506.559999991,7661965.838999997,7894586.412000008,6570598.516999987,3905878.995999997,4925436.563999998,4309228.098000004,2130345.982000001,2028451.942,2630600.291000001,2617065.462,1392775.5240000004,862943.8420000002,825729.773
44,paw68a500,2024,9,837.0,36,101765.23,prextoline - lubricantes,2.0,2024-09-01,0.0,27236.0,67230.0,3262.0,283.0,66984109.089,25783421.758000024,34154365.82900003,15219052.96099999,11332591.357000014,7514220.807999985,8142396.302999993,6929566.981000002,4754249.362,3294640.074,3164251.872000001,2745779.2989999973,1484327.3510000005,2815012.9420000003,1459989.760000001,1437198.6699999983,878090.5770000005,682932.9380000001,0.0,25550.0,63536.0,2962.0,283.0,0.0,22126.0,57074.0,3090.0,283.0,0.0,21674.0,49688.0,2806.0,283.0,0.0,24106.0,59218.0,2990.0,283.0,0.0,25906.0,62972.0,3206.0,283.0,0.0,23178.0,51552.0,2712.0,283.0,0.0,27870.0,57020.0,2898.0,283.0,51310585.08400003,35344629.45699995,34031403.36999998,17512005.62400004,12204046.163999995,8518626.661999993,8077907.351999997,7936904.625000008,5123475.365999999,4882436.000000003,3609927.172999999,2411986.4769999995,2020174.6850000003,3239808.027000006,2725785.6399999987,1170327.6070000003,1552495.7700000005,813553.9019999999,51322846.51,37676271.737,34390661.632999964,14262669.129,11878199.166000022,8268421.305,8781357.055000003,8047326.21299999,5694415.224999998,3936700.998,3264612.901999998,3834248.850000002,1830614.8239999977,2839313.759000002,1933693.563000001,1460070.796,1138380.8529999997,768129.4229999996,52409962.92199999,32706065.639999997,34851735.167000055,16701515.004999964,10912261.54000002,7488808.849999999,7059264.239000008,6504778.879000004,5056007.532000002,3808256.634,3474649.149000002,3475817.365999997,1381551.2980000009,2247403.970999998,1728722.978,1136118.0100000002,863391.3979999999,723756.243,41140023.34599996,26607446.69100001,36997098.44600007,17069081.620999977,11748422.408999994,7433274.447999997,8477392.667999996,6734249.983000005,5666646.112000003,4613678.571,3407936.4670000016,2407525.253000004,1607189.2599999988,3129737.12,1934979.697000001,1555641.4680000013,1434224.1749999996,719832.2450000001,51806702.75200005,36864588.65100004,34965058.61100004,19958192.125000022,13098264.57799998,7734936.906999975,6999585.662999993,7147934.665000009,4719584.210999996,3085818.2310000006,3754588.558999996,3258681.0230000005,1203501.2900000005,2711590.023999999,2128533.158999999,1176902.7970000007,1249975.5210000002,805008.3469999998,35605605.68500001,31617930.891999997,33433025.51099988,14244383.427000014,10735168.856999982,6596237.624000014,7612093.830000003,5911655.666999992,5055245.111999998,2905065.4700000016,3235908.5590000013,2381559.326999998,946406.0530000004,2293310.11,2031313.422,1108950.1179999998,970134.4900000005,755508.7969999999,40321531.02000001,47426878.221999966,34135053.62800008,15857775.846999986,10439660.931000017,6578513.700000001,7399787.962999996,6254745.309000003,5033333.977000003,2503453.72,3048319.855,2540745.335999999,1059859.7440000006,2930122.333000001,1816757.0060000012,1899020.9509999997,1325881.8929999997,928281.346
