,sku
0,00046br
1,00051br
2,00259n
3,00328731
4,00359br
5,00709
6,00726br
7,00979brge
8,01017572b
9,01095jg2
10,01135brg
11,012315504
12,012316004
13,012502507
14,01276gre
15,01289gre
16,012909501
17,013109001
18,013626001
19,01391
20,01543br
21,017175
22,01795
23,01829
24,01884brag
25,01974brg
26,01988brg
27,02049bg
28,02208bag
29,02219bag
30,02246bag
31,022719002
32,02279
33,02364
34,02371
35,02374
36,02544bre
37,02680
38,02734
39,02753brg
40,0307870902
41,03482
42,03500
43,03502
44,03611
45,03750bray
46,03778brg
47,03806
48,03815brage
49,03921
50,041058239
51,04247brgf
52,044365004
53,044365011
54,046468060
55,05031130
56,05039730
57,05615
58,05916brgf
59,05917brg
60,06060
61,060677020
62,06104
63,06149
64,07090
65,07185
66,07191
67,0735320418
68,07397
69,07435
70,07438
71,07631
72,07635
73,07689
74,07693
75,07719
76,07723
77,07742
78,07759
79,07760
80,08130
81,081387004
82,081466005
83,081467041
84,0817430910
85,081768107
86,081768135
87,081768143
88,081789643
89,082933004
90,082953005
91,082966030
92,082966301
93,082966304
94,082966316
95,082988297
96,08312brf
97,0831900010
98,0831900510
99,083402013
100,083402015
101,08358
102,08376
103,083809154
104,083865758
105,083965005
106,084060022
107,084060023
108,084180036
109,084180078
110,084180083
111,08423
112,08458brgef
113,08459baef
114,0850050000
115,08542
116,085580127
117,085767000
118,085768013
119,085836031
120,085881000
121,085910166
122,085910377
123,085988021
124,086437176
125,086456527
126,087065040
127,087065045
128,087065803
129,087065805
130,087065826
131,087065827
132,087066970
133,08720
134,08727
135,08740
136,08752
137,08779
138,08793
139,088090168
140,088097045
141,088269009
142,088373095
143,088375018
144,08897
145,08965
146,08989
147,090140-0061
148,090140-1350
149,090140-2220
150,090150-3050
151,090150-6002
152,090215143
153,090290008
154,090491016
155,090491030
156,09114
157,09203bref
158,09313
159,09314bref
160,093160024
161,093162202
162,09337
163,093400-5640
164,093400-5760
165,09365
166,09380
167,09582
168,096400-1441
169,096400-1700
170,096417-0040
171,09667
172,09725
173,09752
174,099830025
175,099832008
176,100-1kd-2kd
177,100-1kz-t
178,100-22r
179,100-2400
180,100-2l-new
181,100-2l-old
182,100-4e
183,100-4y
184,100-5l
185,100-ka24de
186,100-l200
187,100-n300
188,100-navara
189,100-spark
190,100-yd25
191,100-z20
192,10231905
193,10244011s
194,10324013s
195,10481745
196,10481746
197,10620
198,10635
199,1069888
200,11009
201,11011
202,11031
203,11038
204,110415
205,110500
206,11052
207,11076
208,1108n
209,11090
210,11126
211,11130
212,11159
213,11166
214,11175
215,11194
216,11209
217,11251
218,11254
219,113388901
220,11353
221,11385
222,11401
223,11420
224,11448
225,11794
226,11811
227,11813
228,11844
229,11845
230,11853
231,11855
232,11883
233,1191915
234,1194401
235,1194718
236,11979
237,12015509b
238,120205
239,12051
240,12053
241,12123
242,12128
243,1268304537
244,12710-78b00-000
245,12744
246,12747
247,12793
248,12871
249,12880
250,12awgfbblanco
251,13721
252,13754
253,139305009
254,140280
255,1404582000
256,14066
257,14099
258,141
259,14248
260,14386
261,14401
262,14767
263,14803
264,15131
265,1521241
266,1521414
267,1521421
268,1521423
269,1521870
270,1521886
271,1521890
272,1521907
273,1521910
274,1521913
275,1521930
276,1521979
277,1523185
278,1523318
279,15392
280,15411
281,15421
282,15452
283,15665
284,15684
285,15721
286,16011
287,160677033
288,16276
289,16421
290,1652539
291,1652578
292,1652617
293,16532
294,1653922
295,16546-1hk0a
296,1656209
297,1656226
298,1656232
299,1656264
300,1668148
301,1668213
302,1668242
303,1673434
304,1673445
305,1698992
306,17032
307,17058
308,17076
309,17186
310,17483
311,17521
312,18015
313,183101006
314,183450001
315,184059033
316,1862176034
317,1862248033
318,1878002518
319,1878006084
320,1878007253
321,1878008093
322,1878654433
323,1882250143
324,1882280213
325,1884pro
326,1k4713
327,1k7804
328,1k9371
329,1s0219
330,1s2919
331,1s6415-3
332,1s9840-2
333,1s9840-3
334,20-100-td27
335,20366731
336,20366733
337,20366735
338,20366756
339,20366826
340,20776785
341,20781951
342,20854441
343,215950004501f
344,21979473
345,21985573
346,21997828
347,22003528
348,221030003r
349,221036003r
350,22150404
351,22150579
352,22150652
353,22150783
354,22150903
355,23622390
356,23622391
357,23628770
358,24072
359,24073
360,24074
361,24112
362,24113
363,24546807
364,246082003001r
365,246082003021r
366,24687530
367,24689930
368,25995943
369,266984
370,27100
371,276115
372,276146
373,287070079
374,2910000501900
375,2duf050n-7
376,300-1kd
377,300-3l
378,300-4d31
379,300-4d55
380,300-4jb1
381,300-aveo
382,30003602
383,30003617
384,3000954318
385,30009866
386,3081-1008skr
387,30bcs19-2nslnr
388,30bg05s2g-2ds
389,3100002255
390,3100026531
391,31029330
392,31250-22240
393,3141-1010skr
394,314971
395,3151106041
396,3152722
397,3152730
398,3152798
399,3182009938
400,3192-1006skr
401,3192293
402,3192951
403,3210a2rs1tn9
404,3221-8506skr
405,3301-8513skr
406,3306a2rs1tn9
407,331010
408,331011
409,33109
410,33118mp
411,33120
412,332011
413,332012
414,3321-8507skr
415,33218
416,33231
417,333
418,333605
419,33405
420,33412
421,33416
422,33437
423,33472
424,33547
425,33628
426,33649
427,33651mp
428,33651xe
429,33654
430,33656
431,33657
432,33682
433,33691
434,33697
435,33721
436,33727
437,33744
438,33752
439,33812
440,338737
441,341311
442,3421-1029skr
443,3431-1006skr
444,344440
445,3451-1020skr
446,3461-7006skr
447,3461-7008skr
448,3461-8558skr
449,3461-8572skr
450,3461-8575skr
451,3482000187
452,3482000257
453,3482001234
454,3482001308
455,3482056031
456,3482119034
457,3482124549
458,3482602002
459,3482602008
460,3482654119
461,3483000058
462,3483030032
463,35024128
464,355
465,35bcd07s1cs46
466,360004002r
467,36194030
468,36229930
469,36430930
470,36473633
471,36563430
472,36908328
473,37123930
474,37150600
475,37170328
476,376
477,382248
478,382255
479,382801
480,384094
481,384098
482,39863231
483,39896030
484,3dacf041d-3dr
485,40051961
486,40177930
487,40265960
488,40298960
489,40308960
490,40338960
491,40434330
492,408237730002r
493,40834961
494,40bcv09s1-2nsl
495,41601-m68k01
496,41602-m68k01
497,4170060k00
498,41800-m60m00
499,41800-m68k00
500,42017
501,42808
502,42809
503,444139
504,452164-5001
505,452174-5005
506,4609
507,4620
508,4625
509,46489
510,465590-5005
511,46560ef
512,46606ef
513,46626ef
514,46628
515,46870p
516,46871p
517,47135228
518,47138328
519,47582430
520,47799660
521,47898630
522,48046
523,48054
524,48055
525,48060
526,48095
527,48138273
528,48141228
529,48144328
530,48153573
531,48159773
532,48248828
533,48269373
534,48272328
535,48306573
536,48338673
537,48339
538,48341673
539,48381
540,48415473
541,48424673
542,48510-0r110
543,48510-0r330
544,48510-16290
545,48510-80a86
546,48510-bze50
547,48511-29606
548,48511-36110
549,48511-80107
550,48520-0r110
551,48520-0r330
552,48520-16070
553,48520-80646
554,48520-bza80
555,48530-19805
556,48530-52440
557,48530-80895
558,48531-26a30a
559,48531-60100
560,48531-80736
561,48531-bz490
562,48531-bzb10
563,4853109450ref
564,48613
565,48633
566,48882
567,48889
568,48981428
569,48983828
570,49078073
571,49088p
572,49089
573,49211
574,49247
575,49321
576,49711
577,49783
578,500-22r
579,500-2c
580,500-2e
581,500-2lt
582,500-3l
583,500-3y
584,500-4d31
585,500-4d32
586,500-4d56/55
587,500-6d16
588,500-cielo
589,500-d4bh
590,500-h100
591,500-h100/h1
592,500-l200
593,500-navara
594,500-triton
595,500-z24
596,50006610
597,50006635
598,50009016
599,50009017
600,50017385
601,50017386
602,50017715
603,50017716
604,50017738
605,50017788
606,50017792
607,507460
608,51243mp
609,513303
610,51361
611,51459
612,51748mp
613,51748xd
614,51792
615,51970
616,51971mp
617,52534173
618,52646128
619,52910330
620,53002428
621,5341-9816skr
622,54302-01a00
623,543020634r
624,543029774r
625,54303-ed002
626,5461-9836skr
627,54611-38550
628,54650-h7100
629,54660-h7100
630,54kwh01
631,55300-h7100
632,55310-b4050
633,56200-ax602
634,56210-01n00
635,56210-jg000
636,562100015r
637,5641921
638,5641934
639,57191
640,57213
641,57746xd
642,57901
643,612315510
644,613108510
645,613626010
646,622380210
647,623380218
648,624380211
649,624380212
650,63696kit
651,63726kit
652,63727kit
653,67109
654,67473
655,679082
656,679083
657,68167
658,68461
659,69573428
660,69639730
661,69676930
662,69741430
663,69964728
664,70106efpsd
665,70401
666,705399-0003
667,707994110
668,71-1227/6 050
669,71-1227/6 std
670,71-3446/6 025
671,71-3446/6 std
672,71-3601/6 025
673,71-3623/6 std
674,71-4236/6 std
675,7123-490
676,713593600
677,7151
678,71511
679,7180-589n
680,71870
681,7206-0379
682,724580413l
683,724580413r
684,724680016l
685,724680016r
686,725680400l
687,725680400r
688,726680398l
689,726680398r
690,726680404l
691,726680404r
692,726780166l
693,726780166r
694,726780343l
695,726780343r
696,727780083l
697,727780083r
698,73009
699,738v7761
700,75296
701,75297
702,75943
703,75944
704,77005
705,77137600
706,77137610
707,77137630
708,77138600
709,77138610
710,77138620
711,77139620
712,77157600
713,77157690
714,77460660
715,77462030
716,77634630
717,77635600
718,77635620
719,77635630
720,77636600
721,77636630
722,77749600
723,77750610
724,77751600
725,77751610
726,77751620
727,77833610
728,77842600
729,77842610
730,77990860
731,78745600
732,79361600
733,800010910025
734,80002
735,800027611000
736,800042210000
737,800044410000
738,800045110000
739,800050410000
740,800075710000
741,80270
742,80382
743,80434
744,80534
745,8171338
746,8172218
747,82054
748,82207
749,82208
750,82384
751,82452
752,82577360
753,82579760
754,82581060
755,84002
756,84006
757,855460
758,87228600
759,87229600
760,87269600
761,87271610
762,87271620
763,87271630
764,87515610
765,87515620
766,87515630
767,87561620
768,87562600
769,87562610
770,87562630
771,87908060
772,87978620
773,87978743
774,87978815
775,87978816
776,87978836
777,87978846
778,87987560
779,87998604
780,87998634
781,87998644
782,87998664
783,880954
784,883792
785,88868810
786,89328810
787,89352110
788,89370810
789,89399810
790,89427810
791,89460110
792,89483190
793,89532110
794,89549110
795,89561810
796,89570110
797,89585110
798,89593110
799,896679
800,896705
801,896749
802,9009
803,90741961
804,90870960
805,90873217
806,91322960
807,91353960
808,91359960
809,922380213
810,924380210
811,92827960
812,93166960
813,93249960
814,93369970
815,93369971
816,9337
817,9339
818,9341
819,93474970
820,93474971
821,93494
822,93734961
823,93751960
824,9551
825,95948811
826,95948812
827,96171
828,96392790
829,96626214
830,9678808180
831,9678808280
832,97020800
833,97169960
834,9802909980
835,98180115
836,98183403
837,98183404
838,98200100
839,98200114a
840,98200144
841,98200146a
842,98260100
843,98581802
844,98581803
845,98581804
846,98581806
847,99748960
848,99748961
849,99749960
850,99749961
851,99750960
852,99991970
853,a-1008
854,a-1010
855,a-1012
856,a-1015
857,a-1019-s
858,a-1023
859,a-1026-s
860,a-1047
861,a-1123
862,a-1138
863,a-1139
864,a-1152
865,a-1173
866,a-1181
867,a-1189
868,a-1195
869,a-1228
870,a-12340
871,a-13620
872,a-1415
873,a-1420
874,a-1432
875,a-14570
876,a-15250
877,a-15252
878,a-1612
879,a-1625
880,a-1632
881,a-1633
882,a-1648
883,a-1672
884,a-1674
885,a-16810
886,a-16860
887,a-16930
888,a-1701
889,a-1714
890,a-1718
891,a-1724
892,a-1732
893,a-1753
894,a-1831
895,a-1836
896,a-1853
897,a-1858
898,a-1931
899,a-1955-s
900,a-1961
901,a-21130
902,a-21940
903,a-2412
904,a-2416
905,a-2419
906,a-2505-s
907,a-2605
908,a-26530
909,a-2804
910,a-2808
911,a-2809
912,a-2816
913,a-2818
914,a-2820
915,a-2822
916,a-2840
917,a-2845
918,a-28520
919,a-28580
920,a-28730-s
921,a-28980
922,a-2928
923,a-29420
924,a-29470
925,a-29530
926,a-29550
927,a-3003
928,a-31830
929,a-31960
930,a-3309
931,a-33430
932,a-3364-s
933,a-38270
934,a-38400
935,a-38560
936,a-38570
937,a-38600
938,a-39040
939,a-39050
940,a-44210
941,a-44300
942,a-49540-s
943,a-5005-s
944,a-5019
945,a-5030-s
946,a-50370
947,a-5331
948,a-53410-s
949,a-53900
950,a-5408
951,a-5504
952,a-5511-s
953,a-5531-s
954,a-5547
955,a-5562-s
956,a-5566
957,a-5572-s
958,a-5579-s
959,a-5583-s
960,a-5595-s
961,a-5622-s
962,a-5635
963,a-5656-s
964,a-5665-s
965,a-58400
966,a-58420
967,a-59130
968,a-6111
969,a-61590-s
970,a-61610
971,a-6517
972,a-6522
973,a-6530
974,a-6533
975,a-65750
976,a-65780
977,a-6607
978,a-6608
979,a-6708
980,a-6711
981,a-68010-s
982,a-6806
983,a-6816
984,a-68540-s
985,a-68560-s
986,a-68580-s
987,a-69190-s
988,a-7003-s
989,a-7101
990,a-7102
991,a-7122
992,a-7127
993,a-7128
994,a-71320
995,a-7202
996,a-7630-s
997,a-76520
998,a-76531-s
999,a-7949
1000,a-83050
1001,a-85134-s
1002,a-8665m-s
1003,a-8684
1004,a-8686
1005,a-87970kit
1006,a-8807-s
1007,a-90110
1008,a-90310
1009,a-90320
1010,a-94010
1011,a-chimpunera
1012,a-lapiceros
1013,a-padmouse
1014,a-tazas
1015,ac-71010
1016,acg-004
1017,af12070m
1018,af1420-6/2
1019,af2000l/2f
1020,af2033l/4
1021,af6100/1f
1022,af6210/fh
1023,af6300/f
1024,af6310/fh
1025,af6400/1f
1026,af6410/fh
1027,af6500/1f
1028,af6600/f
1029,af6610/fh
1030,af850-55/f-m1
1031,af888/2f
1032,af888/xf
1033,af9033mbv
1034,afc10000/f
1035,afc10000mb-m2
1036,afc10100mb-m1
1037,afc11100/f
1038,afloja
1039,agenda
1040,ah-7912
1041,ah-7914
1042,ah-79160
1043,as-1216k
1044,as-22211cakw33
1045,as-22217cak/w33
1046,as-30204
1047,as-30205
1048,as-30307
1049,as-368a/362a
1050,as-47890/20
1051,as-51206
1052,as-51540-s
1053,as-5643-s
1054,as-6003-2rsc3
1055,as-6004-2rs
1056,as-6005-2rsc3
1057,as-6006-2rsc3
1058,as-6007-2rs
1059,as-6007-2rsc3
1060,as-6008-2rsc3
1061,as-6009-2rsc3
1062,as-6011-2rsc3
1063,as-6012-zzc3
1064,as-6013-zzc3
1065,as-608-2rs
1066,as-608-2rsc3
1067,as-608-zz
1068,as-609-2rs
1069,as-609-2rsc3
1070,as-6201-2rsc3
1071,as-6203-2rs
1072,as-6206-2rsc3
1073,as-6207-2rs
1074,as-6207-2rsc3
1075,as-6208-2rsc3
1076,as-6209-2rsc3
1077,as-6209-zzc3
1078,as-6210-zzc3
1079,as-6211-2rs
1080,as-6211-zzc3
1081,as-6214-zzc3
1082,as-627-2rs
1083,as-6300-2rsc3
1084,as-6301-2rsc3
1085,as-6302-2rsc3
1086,as-6304-2rsc3
1087,as-6305-2rsc3
1088,as-6307-2rsc3
1089,as-6308-zz
1090,as-6308-zzc3
1091,as-6309-2rsc3
1092,as-6309-zz
1093,as-6313-zz
1094,as-69349/10
1095,as-76490-s
1096,as-7918
1097,as-88240
1098,as-l44649/10
1099,as-lm11749/10
1100,as-lm48548/10
1101,as-lm67048/10
1102,as-m12649/10
1103,as105y/2
1104,as145y
1105,as237sp-m2
1106,as237sp/1
1107,as261psp-m1
1108,as335sp/2
1109,as657/2
1110,as661y-6
1111,as663y-6
1112,as730/5
1113,as770dm
1114,atf-0t4
1115,b10-al
1116,b1002
1117,b1006
1118,b1007
1119,b1008
1120,b1009
1121,b1010
1122,b1011
1123,b1012
1124,b1013
1125,b1014
1126,b1015
1127,b1016
1128,b1017
1129,b1018
1130,b1019
1131,b1020
1132,b1021
1133,b10405500
1134,b43-s
1135,b7030
1136,b7577
1137,b7685
1138,bb-121j 150
1139,bc-174j 075
1140,bcg001
1141,bcg002
1142,bch005
1143,bch006
1144,bch007
1145,bch008
1146,bch009
1147,bdd010s
1148,bdd020s
1149,bdd034
1150,bdd049
1151,bdd071
1152,bdd072
1153,bdd073
1154,bdd074
1155,bdd075
1156,bdd076
1157,bdd078
1158,bdd079
1159,bdd080
1160,bdd081
1161,bdd083
1162,bdd086
1163,bdd090
1164,bdd091
1165,bdd092
1166,bdd094
1167,bdd095
1168,bdd096
1169,bdd100
1170,bdd103
1171,bdd104
1172,bdd105
1173,bdd106
1174,bdd107
1175,bdd108
1176,bdd109
1177,bdd110
1178,bdd111
1179,bdd112
1180,bdd113
1181,bdd114
1182,bdd115
1183,bdd116
1184,bdd117
1185,bdd118
1186,bdd119
1187,bdd120
1188,bdd121
1189,bdd122
1190,bdd123
1191,bdd124
1192,bdd125
1193,bdd126
1194,bdd127
1195,bdd128
1196,bdd129
1197,bdd130
1198,bdd131
1199,bdd132
1200,bdd133
1201,bdd134
1202,bdd135
1203,bdd136
1204,bdd137
1205,bdd138
1206,bdd139
1207,bdd140
1208,bdd141
1209,bdd142
1210,bdd143
1211,bdd144
1212,bdd145
1213,bdd146
1214,bdd147
1215,bdd148
1216,bdd149
1217,bdd150
1218,bdd151
1219,bdd152
1220,bdd153
1221,bdd154
1222,bdd155
1223,bdd156
1224,bdd157
1225,bdd158
1226,bdd159
1227,bdd160
1228,bdd161
1229,bdd162
1230,bdd163
1231,bdd164
1232,bdd165
1233,bdd166
1234,bdd167
1235,bdd168
1236,bdd169
1237,bdd170
1238,bdd171
1239,bdd172
1240,bdd173
1241,bdd174
1242,bdd175
1243,bdd176
1244,bdd177
1245,bdd178
1246,bdd179
1247,bdd180
1248,bdd181
1249,bdd182
1250,bdd183
1251,bdd184
1252,bdd185
1253,bdd186
1254,bdd187
1255,bdd188
1256,bdd189
1257,bdd190
1258,bdd191
1259,bdd192
1260,bdd193
1261,bdd194
1262,bdd195
1263,bdd196
1264,bdd197
1265,bdd198
1266,bdd199
1267,bdd200
1268,bdd201
1269,bdd202
1270,bdd203
1271,bdd204
1272,bdd205
1273,bdd206
1274,bdd207
1275,bdd208
1276,bdd209
1277,bdd210
1278,bdd211
1279,bdd212
1280,bdd213
1281,bdd214
1282,bdd215
1283,bdd216
1284,bdd217
1285,bdd218
1286,bdd219
1287,bdd220
1288,bdd221
1289,bdd222
1290,bdd223
1291,bdd224
1292,bdd225
1293,bdd226
1294,bdd227
1295,bdd228
1296,bdd229
1297,bdd230
1298,bdd231
1299,bdd232
1300,bdd233
1301,bdd234
1302,bdd235
1303,bdd236
1304,bdd237
1305,bdd238
1306,bdd239
1307,bdd240
1308,bdd241
1309,bdd242
1310,bdd243
1311,bdd244
1312,bdd245
1313,bdd246
1314,bdd247
1315,bdd248
1316,bdd249
1317,bdd250
1318,bdd251
1319,bdd252
1320,bdd253
1321,bdd254
1322,bdf001
1323,bdf002
1324,bdf003
1325,bdf004
1326,bf1226
1327,bf1262
1328,bf1346-o
1329,bf1360-sp
1330,bf1385-sps
1331,bf588
1332,bf7000m3
1333,bf7619
1334,bf7624
1335,bf7629
1336,bf7766
1337,bf7886
1338,bfp-811
1339,bhy011
1340,bhy014
1341,bhy015
1342,bhy016
1343,bhy017
1344,bhy020
1345,bhy022
1346,bki004
1347,bkt-001
1348,bkt-002
1349,bmi003
1350,bmi004
1351,bmi006
1352,bmz004
1353,bni008
1354,bni010
1355,bni011
1356,bni013
1357,bni014
1358,bni015
1359,bolsas
1360,brn001
1361,bs-505
1362,bsk002
1363,bsk003
1364,bsk004
1365,bsk006
1366,bt16811r22.5
1367,bt287-10
1368,bto004
1369,bto006
1370,bto020
1371,bto021
1372,bto022
1373,bto024
1374,bto025
1375,bto027
1376,bto028
1377,bto030
1378,bto031
1379,bto032
1380,bvw002
1381,bw7000m-m3
1382,bz0001
1383,bz0002
1384,bz0003
1385,bz0004
1386,bz0005
1387,bz0006
1388,bz0007
1389,bz0008
1390,bz0009
1391,bz0010
1392,bz0011
1393,bz0012
1394,bz0013
1395,bz0014
1396,bz0015
1397,bz0016
1398,bz0017
1399,bz0018
1400,bz0019
1401,bz0020
1402,bz0021
1403,bz0022
1404,bz0023
1405,bz0024
1406,bz0025
1407,bz0026
1408,bz0027
1409,bz0028
1410,bz0029
1411,bz0030
1412,bz0031
1413,bz0032
1414,bz0033
1415,bz0034
1416,bz0035
1417,bz0036
1418,bz0037
1419,bz0038
1420,bz0039
1421,bz0040
1422,bz0041
1423,bz0042
1424,bz0043
1425,bz0044
1426,bz0045
1427,bz0046
1428,bz0047
1429,bz0048
1430,bz0049
1431,bz0050
1432,bz0051
1433,bz0052
1434,bz0053
1435,bz0054
1436,bz0055
1437,bz0056
1438,bz0057
1439,bz0058
1440,bz0059
1441,bz0060
1442,bz0061
1443,bz0062
1444,bz0063
1445,c-10006
1446,c-1001
1447,c-1005
1448,c-10081
1449,c-11103/2
1450,c-1119
1451,c-1125
1452,c-1130
1453,c-1131
1454,c-1140
1455,c-1141
1456,c-1150
1457,c-1176/3
1458,c-13009
1459,c-13163
1460,c-13320
1461,c-1374/2
1462,c-1405
1463,c-14114
1464,c-15011
1465,c-1502
1466,c-1561
1467,c-15671
1468,c-1602
1469,c-1603
1470,c-1711
1471,c-17237/1
1472,c-1813
1473,c-1822
1474,c-18263
1475,c-1831
1476,c-18360/2
1477,c-18436
1478,c-18450/1
1479,c-1858/2
1480,c-18630
1481,c-1936
1482,c-19390
1483,c-20118
1484,c-20168
1485,c-21001
1486,c-21104
1487,c-21470
1488,c-21990
1489,c-2218
1490,c-2240
1491,c-2295/3
1492,c-23018
1493,c-23589/1
1494,c-24745/1
1495,c-2496
1496,c-2512
1497,c-2517
1498,c-26017
1499,c-26120
1500,c-261220
1501,c-27009
1502,c-27030
1503,c-271050
1504,c-271390
1505,c-271581
1506,c-27380
1507,c-27798
1508,c-27844
1509,c-2808
1510,c-28136/1
1511,c-28160
1512,c-2852/2
1513,c-2901
1514,c-2904
1515,c-2990
1516,c-301240
1517,c-301330
1518,c-301359
1519,c-30703
1520,c-30810/3
1521,c-30880/1
1522,c-31081
1523,c-32191/1
1524,c-32199
1525,c-32338/1
1526,c-331465/1
1527,c-34540
1528,c-3474
1529,c-35154
1530,c-351592
1531,c-37153
1532,c-37480
1533,c-38180
1534,c-3880
1535,c-411776
1536,c-43102
1537,c-49150
1538,c-5002
1539,c-5005
1540,c-5101
1541,c-5105
1542,c-5604
1543,c-5701
1544,c-5708
1545,c-5734
1546,c-5812
1547,c-6109
1548,c-6202
1549,c-6508
1550,c-66071
1551,c-68001
1552,c-7010
1553,c-8901
1554,c-9001
1555,c-9002
1556,c001n
1557,c002n
1558,c003n
1559,c71240 std
1560,ca-1401
1561,ca-14110
1562,ca-17100
1563,ca-18361
1564,ca-18430
1565,ca-18450
1566,ca-18470
1567,ca-19271
1568,ca-2402
1569,ca-2801
1570,ca-28150
1571,ca-28180
1572,ca-28210
1573,ca-28440
1574,ca-29130
1575,ca-49010
1576,ca-54030
1577,ca-65820
1578,ca-68010
1579,ca-79330
1580,cac-16130
1581,cac-18120
1582,cac-18250
1583,cac-29160
1584,cac-30930-s
1585,cac-38130
1586,cav-26080
1587,cav-2807
1588,cav-28300
1589,cbkh-16
1590,cbkh-9
1591,cbn-30
1592,cbt-14
1593,cbt-28
1594,cbt-60
1595,cc-1522
1596,cc-9002
1597,cd215/75r17.5
1598,cekh-3
1599,cekh-43l
1600,cet-23
1601,cet-63l
1602,cet-63r
1603,cet-75
1604,cet-98
1605,cet-99
1606,cf-10002
1607,cf-1122
1608,cf-1260
1609,cf-1300
1610,cf-1400
1611,cf-1610
1612,cf-1710
1613,cf-1800
1614,cf-1840
1615,cf-2944
1616,cf-5001
1617,cf-600
1618,cf-6002
1619,cf-65/2
1620,cf-800/1
1621,cg004n
1622,ch-096400-1770
1623,ch-105007-1210
1624,ch-105015-4130
1625,ch-146403-2820
1626,ch-146406-0620
1627,ch006n
1628,ch012n
1629,ch013n
1630,ch014n
1631,ckg-500
1632,ckg-513
1633,ckgm-500
1634,ckgm-501
1635,ckgm-502
1636,ckm-501
1637,ckr-500
1638,ckr-502
1639,ckt-500au
1640,clt-46
1641,cmt-008
1642,cmt-014
1643,cmt-019
1644,cmt-026
1645,cmt-037
1646,cmt-044
1647,cmt-055
1648,cmt-069
1649,cmt-075
1650,cmt-078
1651,cmt-138
1652,cmt-140
1653,cmts-011
1654,cmts-012
1655,cp235/75r17.5
1656,cpm8.25r16
1657,crkd-1
1658,crt-002
1659,crt-006
1660,crt-008
1661,crt-019
1662,crts-005
1663,crts-016
1664,cst-011aa
1665,ctx-011
1666,ctx-014
1667,ctx-014z
1668,ctx-040
1669,ctx-067
1670,ctx-106
1671,ctx-109
1672,ctx-115a
1673,ctx-121
1674,ctx-133
1675,ctx-151
1676,ctx-164
1677,ctx-174a
1678,ctx-175a
1679,cu-1829
1680,cu-20018
1681,cu-2131
1682,cu-22028
1683,cu-2418-2
1684,cu-2544
1685,cu-27009
1686,cu-2785
1687,cu-2842
1688,cu-3125
1689,cu-33128
1690,cu-3855
1691,cu-3858
1692,cu-3939
1693,cu-4662
1694,cu-61225
1695,cuk-2145
1696,cuk-28013
1697,cuk-2842
1698,cuk-2945
1699,cuk-3569
1700,cv-18
1701,d-gorros
1702,d-overoles
1703,d-polos
1704,d00128-700c
1705,d007n
1706,d008n
1707,d25500500
1708,d255005500
1709,da-014
1710,dac3870w-7cs66
1711,dac38710039
1712,dac38720236/33
1713,dac40750039
1714,dac42820040
1715,dd11r22.5
1716,dd315/80r22.5
1717,dg409w-12rshr4sh2c5
1718,dis-3700
1719,dis-3850
1720,dis-3900
1721,dm-316
1722,dm12r22.5
1723,dm7.50r16lt
1724,dm8.25r16lt
1725,dm900r20
1726,dn-005
1727,dn-027
1728,dn-035
1729,dop1117
1730,dop1120
1731,dop1147
1732,dop11r22.5
1733,dop12.00r20
1734,dp11r22.5
1735,dp295/80r22.5
1736,dplt235/75r15
1737,dpm12.00r20
1738,dpo12.00r20
1739,dpp11r22.5
1740,ds-006
1741,dt-008
1742,dt-052v
1743,dt11r22.5
1744,dt12-16.5
1745,dt12.4-24
1746,dt12.5/80-18
1747,dt14.9-24
1748,dt165/65r14
1749,dt165r13
1750,dt18.4-30
1751,dt185/60r14
1752,dt185/70r13
1753,dt19.5l-24
1754,dt195/50r16
1755,dt195/60r14
1756,dt195/60r15
1757,dt195/70r15c
1758,dt205/50zr16
1759,dt205/65r15
1760,dt205r16c
1761,dt215/50zr17
1762,dt215/60r16
1763,dt215/65r15
1764,dt215/65r16c
1765,dt215/70r15c
1766,dt215/75r17.5
1767,dt225/40zr18
1768,dt225/45zr17
1769,dt225/50zr17
1770,dt225/60r16
1771,dt225/60r17
1772,dt225/65r17
1773,dt225/70r15c
1774,dt225/70r16
1775,dt225/75r16c
1776,dt235/35zr19
1777,dt235/40zr18xl
1778,dt235/60r17
1779,dt235/60r18
1780,dt235/65r17
1781,dt255/55r18
1782,dt255/70r16
1783,dt265/30zr19
1784,dt265/65r17
1785,dt275/65r17
1786,dt31x10.5r15lt
1787,dtc195/50r15
1788,dtd215/75r17.5
1789,dte225/45zr17
1790,dtl12-16.5
1791,dtlt245/75r16
1792,dtm11r22.5
1793,dtmlt265/70r17
1794,dtmlt265/75r16
1795,dtn195/50r15
1796,dtn195/55r15
1797,dtn195/60r15
1798,dtn205/55r16
1799,dtp11r22.5
1800,dtp185/60r15
1801,dtp195/55r15
1802,dtp195/65r15
1803,dtp205/60r16
1804,dtp215/70r16
1805,dtp225/70r15c
1806,dtt235/65r17
1807,dtt245/45zr17
1808,dttlt265/75r16
1809,dttv185/60r15
1810,dtv165/65r13
1811,dtv175/65r14
1812,dtv175/70r13
1813,dtv185/60r15
1814,dtv185/65r15
1815,dtv215/50zr17
1816,dtv225/45zr17
1817,dtx-137
1818,dtx-168
1819,dtx-174
1820,dtx-237a
1821,dtx-238a
1822,dtxlt235/75r15
1823,dtxlt265/60r18
1824,dtxlt265/70r16
1825,dw024
1826,dw141
1827,dw164
1828,dw165
1829,e-lapiceros
1830,e4302-5ee0b
1831,e4302-9am1a
1832,e4303-5ee0b
1833,e4303-9an1a
1834,e6210-5ee0b
1835,e6210-9an0a
1836,ef-15030
1837,ef-27040
1838,ef-55040
1839,ef-65031
1840,ef-68040
1841,ef-83030-s
1842,eh-55050
1843,eni002
1844,enr17037
1845,enr17039
1846,enr17040
1847,enr17063
1848,enr17097
1849,enr17109
1850,enr17125
1851,enr17131
1852,enr17136
1853,enr17141
1854,enr17171
1855,enr17177
1856,enr17181
1857,enr17197
1858,enr17326
1859,enr17631
1860,enr17632
1861,enr17635
1862,enr17638
1863,enr17643
1864,enr17649
1865,enr17916
1866,enr17919
1867,enr17925
1868,enr17945
1869,enr17948
1870,enr48005
1871,enr48006
1872,enr48060
1873,enr48072
1874,enr48072y
1875,enr48222
1876,enr48320
1877,enr48321
1878,enr48328
1879,enr48700
1880,enr48702
1881,enr48728
1882,enr48772
1883,enr48772y
1884,enr48881
1885,enr48892
1886,enr48901
1887,enr48991
1888,enr49531
1889,enrled9005
1890,enrled9006
1891,enrled9012
1892,enrledh1
1893,enrledh11
1894,enrledh11y
1895,enrledh3
1896,enrledh4
1897,enrledh7
1898,eo-11050xpl
1899,eo-13040
1900,eo-13050
1901,eo-18230
1902,eo-2803
1903,eo-2804
1904,eo-28070
1905,eo-28170
1906,eo-28180
1907,eo-3010
1908,eo-30260
1909,eo-31150
1910,eo-31910
1911,eo-38030
1912,eo-5101
1913,eo-5311
1914,eo-57010
1915,eo-66030
1916,eo-8301
1917,eo-89030
1918,eo-89990
1919,es-38020
1920,esu002
1921,ete-24010kit
1922,ety006
1923,ex54651s1001
1924,ex54651s1002
1925,ex55307s1000
1926,f-11131
1927,f-1303
1928,f-13080
1929,f-13110
1930,f-13150
1931,f-1503
1932,f-1802
1933,f-89030
1934,f001n
1935,fc-1007
1936,fc-1018
1937,fc-1023
1938,fc-1305
1939,fc-2303
1940,fc-27060
1941,fc-28030
1942,fc-28070
1943,fc-28190
1944,fc-45030
1945,fc-5301
1946,fc-5304
1947,fc-5404
1948,fc-5507
1949,fc-56230
1950,fc-62111
1951,fc-6503
1952,fc133300
1953,fd-005
1954,fi-807
1955,fj517013u
1956,fldi00004
1957,fldi00019
1958,fldi00021
1959,fldi00022
1960,fldi00028
1961,fldi00044
1962,fldi00048
1963,fldi00067
1964,fldi00077
1965,fldi00078
1966,fldi00083
1967,fldi00089
1968,fldi00102
1969,fldi00106
1970,fldi00410
1971,fldi00457
1972,fldi00495
1973,fldi00503
1974,fldi00601
1975,fldi00647
1976,fldi00658
1977,fldi00660
1978,fldi00731
1979,fldi00736
1980,fp-26009
1981,fp-26010
1982,fp10223x10
1983,fp2881719
1984,fp2881873
1985,fp3802232
1986,fp3901173
1987,fp3909411
1988,fp3917780
1989,fp3928870
1990,fp3934864
1991,fp4089845
1992,fp4985562
1993,fs-1004
1994,fs-1116
1995,fs-1144
1996,fs-19320
1997,fs-21990
1998,fs-22020
1999,fs-2814
2000,fs-28310
2001,fs-3108
2002,fs-31200
2003,fs-31210
2004,fxe20he11
2005,g-valvoline
2006,g1328537
2007,g1333230
2008,g1403823
2009,g466386
2010,g71831-std-semi
2011,ghm-1-1001
2012,ghm-1-1004s
2013,ghm-1-1007s
2014,ghm-1-1010s
2015,ghm-1-1012s
2016,ghm-1-1015s
2017,ghm-1-1018s
2018,ghm-1-1020s
2019,ghm-1-1021
2020,ghm-2-2001
2021,ghm-2-2002
2022,ghm-2-2003
2023,ghm-2-2004
2024,ghm-2-2005
2025,ghm-2-2006
2026,ghm-2-2007
2027,ghm-2e-2008
2028,ghm-2e-2009
2029,ghm-2e-2010
2030,ghm-2e-2011
2031,ghm-2e-2012
2032,ghm-2e-2013
2033,ghm-3-3001
2034,ghm-3-3002
2035,ghm-3-3003
2036,ghm-3-3004
2037,ghm-3-3005
2038,ghm-3-3006
2039,ghm-3e-3007
2040,ghm-3e-3008
2041,ghm-3e-3009
2042,ghm-3e-3010
2043,ghm065146
2044,ghm065225
2045,ghm10028a
2046,ghm1624dd
2047,ghm229859
2048,ghm24
2049,ghm2424dd
2050,ghm2424dp
2051,ghm2430dd
2052,ghm24516
2053,ghm267027
2054,ghm277026
2055,ghm283411
2056,ghm286965
2057,ghm288539
2058,ghm288540
2059,ghm30
2060,ghm3030dd
2061,ghm3030dd do
2062,ghm3030dp
2063,ghm3944252
2064,ghm3944912
2065,ghm452710
2066,ghm452710-4a
2067,ghm5004342x
2068,ghm8123281
2069,ghmt20
2070,ghmt36
2071,gm-631
2072,gm606111u
2073,gmk1040ex
2074,gmk1046ex
2075,gum-87
2076,gut-21
2077,gut-23
2078,gwhy-11a
2079,gwhy-19a
2080,gwhy-23a
2081,gwhy-35a
2082,gwm-39a
2083,gwm-52a
2084,h-11002
2085,h-11006z
2086,h-1164
2087,h-1275x
2088,h-14106
2089,h-15111/2
2090,h-2725
2091,h-28042
2092,h-38020
2093,h-38040
2094,h-5506
2095,h-55420
2096,h-56292
2097,h-56650
2098,h-5905
2099,h-59230
2100,h-6003z
2101,h-615
2102,h-623
2103,h-710/1n
2104,h-71170
2105,h-7922
2106,h-7969
2107,h-824/2x
2108,h-8522
2109,h-85670
2110,h-85700
2111,h-85720
2112,h-85730
2113,h-929/3
2114,h-930
2115,h1053/7 025
2116,h1053/7 std
2117,h4990332
2118,h4990637
2119,h4990817
2120,h4990885
2121,h4991000
2122,h4991195
2123,h4991222
2124,h4991297
2125,h4995003
2126,h4995014a/l
2127,h4995014a/s
2128,h4995036
2129,h4995048
2130,h4995061
2131,h4995074
2132,h71111 050-semi
2133,h841/7 050
2134,hc-45120
2135,hc-5501
2136,hc-5512
2137,hc-55280
2138,hc-55290
2139,hc-5817
2140,hc-76130
2141,hc-7925
2142,hc-79331
2143,hc-7965
2144,hcc507
2145,hcd801u
2146,hd+295/80r22.5
2147,hd-517/1x
2148,hd-820
2149,hd-820x
2150,hd1000mb
2151,hd11r22.5
2152,hd315/80r22.5
2153,hdd11r22.5
2154,hdd315/80r22.5
2155,hl0900500
2156,hm315/80r22.5
2157,hmtlt235/85r16
2158,hn540047u
2159,hn541058u
2160,hnc540
2161,hnc541
2162,hnc548
2163,hnd047u
2164,hnd058u
2165,hnd092u
2166,ho-016
2167,hp0900500
2168,hp295/80r22.5
2169,hu-10002/z
2170,hu-1072x
2171,hu-1077/1x
2172,hu-12001/z
2173,hu-13125x
2174,hu-1381/x
2175,hu-1390/x
2176,hu-514x
2177,hu-6011z
2178,hu-711/51x
2179,hu-718/1z
2180,hu-719/7x
2181,hu-726/2x
2182,hy-62026
2183,hy-620a
2184,hy-630
2185,hy031n
2186,hy032n
2187,hy035n
2188,hy041n
2189,hy047n
2190,hy048n
2191,hy050n
2192,hy052n
2193,hy055n
2194,hy056
2195,hy056n
2196,hy506106ud
2197,hy510103u
2198,i-franelas
2199,i-gorros
2200,i-lapiceros
2201,icd0001
2202,icd0002
2203,icd0003
2204,icd0004
2205,icd0005
2206,icd0006
2207,icd0007
2208,icd0008
2209,icd0009
2210,icd0010
2211,icd0011
2212,icd0012
2213,icd0013
2214,icd0014
2215,icd0015
2216,icd1035
2217,icd1036
2218,icd1039
2219,icd1044
2220,icd1055
2221,icd1086
2222,icd1089
2223,icd1095
2224,icd1097
2225,icd1107
2226,icd1108
2227,icd1114
2228,icd1137
2229,icd1191
2230,icd1202
2231,icd1213
2232,icd1215
2233,icd1216
2234,icd1225
2235,icd1235
2236,icd1258
2237,icd1261
2238,icd1269
2239,icd1275
2240,icd1284
2241,icd1296
2242,icd1297
2243,icd1301
2244,icd1302
2245,icd1303
2246,icd1304
2247,icd1314
2248,icd1321
2249,icd1324
2250,icd1338
2251,icd1391
2252,icd1398
2253,icd1423
2254,icd1434
2255,icd1435
2256,icd1444
2257,icd1447
2258,icd1462
2259,icd1470
2260,icd1490
2261,icd1497
2262,icd1519
2263,icd1520
2264,icd1522
2265,icd1543
2266,icd1555
2267,icd1566
2268,icd1571
2269,icd1572
2270,icd1595
2271,icd1601
2272,icd1614
2273,icd1623
2274,icd1624
2275,icd1627
2276,icd1643
2277,icd1673
2278,icd1676
2279,icd1679
2280,icd1712
2281,icd1728
2282,icd1729
2283,icd1731
2284,icd1736
2285,icd1737
2286,icd1759
2287,icd1815
2288,icd1830
2289,icd1846
2290,icd1852
2291,icd1855
2292,icd1864
2293,icd1879
2294,icd1883
2295,icd1886
2296,icd1912
2297,icd1937
2298,icd1941
2299,icd1950
2300,icd1962
2301,icd1963
2302,icd1964
2303,icd1965
2304,icd1984
2305,icd1985
2306,icd1999
2307,icd2007
2308,icd2012
2309,icd2017
2310,icd2019-9144
2311,icd2031
2312,icd2038
2313,icd2042
2314,icd2045
2315,icd2076
2316,icd2096
2317,icd2135
2318,icd2199
2319,icd2245
2320,icd2268
2321,icd2269
2322,icd2272
2323,icd2286
2324,icd2294
2325,icd2299
2326,icd2302
2327,icd2306-9541
2328,icd2310-9545
2329,icd2326
2330,icd2343
2331,icd242
2332,icd303
2333,icd333
2334,icd349
2335,icd350
2336,icd378
2337,icd396
2338,icd402
2339,icd404
2340,icd436
2341,icd484
2342,icd507
2343,icd526
2344,icd530
2345,icd536
2346,icd537
2347,icd540
2348,icd550
2349,icd562
2350,icd580
2351,icd602
2352,icd660
2353,icd691
2354,icd696
2355,icd733
2356,icd768
2357,icd772
2358,icd813
2359,icd815
2360,icd830
2361,icd835
2362,icd846
2363,icd864
2364,icd866
2365,icd868
2366,icd904
2367,icd905
2368,icd914
2369,icd929
2370,icd941
2371,ikh20tt
2372,isc567
2373,isc599
2374,isc600
2375,isd102us
2376,ixeh22tt
2377,j001n
2378,j602905010
2379,j602905020
2380,j602915010
2381,j692905010
2382,j692905020
2383,j692915010
2384,k-agenda
2385,k-chalecos
2386,k-franelas
2387,k-gorros
2388,k-mameluco
2389,k-mochilas
2390,k-overoles
2391,k-tapasoles
2392,k003n
2393,k004n
2394,k007n
2395,k008n
2396,k1213-01
2397,k1560-01
2398,k1572-01
2399,k1577-01
2400,k71420 stdws
2401,kb-610
2402,kb-612
2403,kb-620
2404,kb-637
2405,kd235/75r17.5
2406,kg2397.1.19
2407,kg28012.0.1
2408,kh-c19
2409,kh-c30
2410,ki504105u
2411,km425/65r22.5
2412,km7.00r16lt
2413,km7.50r16lt
2414,km9.5r17.5
2415,kn-30
2416,kn-33
2417,kn-43tm
2418,ko-0183-32182
2419,ko-dac3871w-2cs70
2420,ko-rct283sa
2421,ko-rct356sa8
2422,ko-rct358sa2
2423,kp-104
2424,kp-106
2425,kr-223
2426,kr-234
2427,kr-236
2428,kr-251
2429,krb-911
2430,krb-915
2431,krb-918
2432,kt-42a
2433,kw-11n
2434,kw-408
2435,kw-411
2436,kw-413
2437,kw-414
2438,kw-450
2439,kw-5n
2440,kw-6b
2441,kw-6n
2442,kw-6t
2443,kw-7t
2444,kw-8b
2445,l001n
2446,l002n
2447,l019pbb
2448,lapiceros
2449,lb-11102/2
2450,lb-13145/3
2451,lb-962/2
2452,lm425/65r22.5
2453,lmd215/75r17.5
2454,lmd235/75r17.5
2455,lmp12r22.5
2456,lmp215/75r17.5
2457,lmp235/75r17.5
2458,lmp295/80r22.5
2459,lmp7.50r16
2460,m195/55r15
2461,m205/40r17
2462,m225/40r18
2463,mb-22
2464,mb523022uf
2465,mb659129u
2466,mbc502
2467,mbc503
2468,mbc523
2469,mbc585
2470,mbd006u
2471,mbd022u
2472,mbd063u
2473,mbd129u
2474,mbk1012lb
2475,me-500394
2476,mf-fh12
2477,mf-om457
2478,mf-sck124
2479,mf540015un
2480,mfc540
2481,mfc558
2482,mfc560
2483,mfc615
2484,mfd004
2485,mfd015un
2486,mfd067u
2487,mg1546
2488,mg1761
2489,mg304
2490,mg305
2491,mg331
2492,mg333
2493,mg334
2494,mg341
2495,mg344
2496,mg351
2497,mg353
2498,mg354
2499,mg361
2500,mg365
2501,mg369
2502,mg371
2503,mg374
2504,mg430
2505,mg433
2506,mg434
2507,mg470
2508,mg475
2509,mg476
2510,mg477
2511,mg492
2512,mg507
2513,mg508
2514,mg514g
2515,mg522
2516,mg530
2517,mg534g
2518,mg540
2519,mg560
2520,mg563
2521,mg570
2522,mg574
2523,mg785
2524,mg813
2525,mg888
2526,mg894
2527,mg895
2528,mg896
2529,mg905
2530,mg911
2531,mg927
2532,mg928
2533,mg929
2534,mg934
2535,mg963
2536,mg968
2537,mg969
2538,mg997
2539,mi-2351a
2540,mi-5016f2
2541,mi-620a
2542,mi-621
2543,mi-641
2544,mi-940l
2545,mi-940r
2546,mi005n
2547,mm-02
2548,mochilavalv
2549,mp11r22.5
2550,mr-244218
2551,mr-992632
2552,mr491430
2553,mwmwc1001
2554,mwmwc1078
2555,mwmwc1114
2556,mwmwc1124
2557,mwmwc1175
2558,mwmwc1284
2559,mwmwc1295a
2560,mwmwc1303
2561,mwmwc1325
2562,mwmwc1327
2563,mwmwc1374
2564,mwmwc1377
2565,mwmwc1378
2566,mwmwc1391
2567,mwmwc1414
2568,mwmwc1423
2569,mwmwc1444
2570,mwmwc1451
2571,mwmwc1454
2572,mwmwc1456
2573,mwmwc1467
2574,mwmwc1471
2575,mwmwc1508
2576,mwmwc1519
2577,mwmwc1539
2578,mwmwc1590
2579,mwmwc1602
2580,mwmwc1611
2581,mwmwc1645
2582,mwmwc1679
2583,mwmwc1728
2584,mwmwc1731
2585,mwmwc1737
2586,mwmwc1759
2587,mwmwc1776
2588,mwmwc1811
2589,mwmwc1846
2590,mwmwc1848
2591,mwmwc1852
2592,mwmwc1874
2593,mwmwc1879a
2594,mwmwc1934
2595,mwmwc2036
2596,mwmwc2037
2597,mwmwc2038
2598,mwmwc2042
2599,mwmwc2057
2600,mwmwc2081
2601,mwmwc2094
2602,mwmwc340
2603,mwmwc440
2604,mwmwc462a
2605,mwmwc536
2606,mwmwc567
2607,mwmwc680
2608,mwmwc688
2609,mwmwc768
2610,mwmwc768a
2611,mwmwc831
2612,mwmwc864
2613,mwmwc866
2614,mwmwc881
2615,mwmwc918
2616,mwmwc996
2617,mwmwd1012
2618,mwmwd1035
2619,mwmwd1036
2620,mwmwd1037
2621,mwmwd1039
2622,mwmwd1041
2623,mwmwd1044
2624,mwmwd1055
2625,mwmwd1080
2626,mwmwd1092
2627,mwmwd1105
2628,mwmwd1107
2629,mwmwd1108
2630,mwmwd1157
2631,mwmwd1161
2632,mwmwd1181
2633,mwmwd1191
2634,mwmwd1258
2635,mwmwd1259
2636,mwmwd1275
2637,mwmwd1280
2638,mwmwd1281
2639,mwmwd1288
2640,mwmwd1304
2641,mwmwd1324
2642,mwmwd1338
2643,mwmwd1345
2644,mwmwd1397
2645,mwmwd1398
2646,mwmwd1543
2647,mwmwd1654
2648,mwmwd1709
2649,mwmwd233
2650,mwmwd242
2651,mwmwd430
2652,mwmwd462
2653,mwmwd484
2654,mwmwd503
2655,mwmwd530
2656,mwmwd537
2657,mwmwd540a
2658,mwmwd562
2659,mwmwd564
2660,mwmwd580
2661,mwmwd621
2662,mwmwd668
2663,mwmwd691
2664,mwmwd696
2665,mwmwd772
2666,mwmwd773
2667,mwmwd835
2668,mwmwd862
2669,mwmwd865
2670,mwmwd868
2671,mwmwd900
2672,mwmwd904
2673,mwmwd914
2674,mwmwd924a
2675,mwmwd929a
2676,mwmwd937
2677,mwmwd961
2678,mwmwd981
2679,mwmwx1145
2680,mwmwx1316s
2681,mwmwx1362
2682,mwmwx303
2683,mwmwx510
2684,mwmwx555
2685,mwmwx688
2686,mwmwx841
2687,mz-016
2688,mz-2802a
2689,mz-39
2690,mz003n
2691,mz005n
2692,mzc538
2693,mzd007us
2694,n-861
2695,n-895
2696,n-968
2697,n-franelas
2698,n009n
2699,n015n
2700,n018n
2701,n024
2702,n025
2703,n157/7 std
2704,na-17887/31
2705,na-28584r/21
2706,na-30bcds2
2707,na-3579r/25
2708,na-35bvv07x-6
2709,na-35trk-1
2710,na-40bgs11g-2ds
2711,na-40bgs12g-2ds
2712,na-40trk-1
2713,na-50scrn31p
2714,na-50scrn31p-4b
2715,na-50scrn40p-8p
2716,na-6000-2nsec3
2717,na-6001-2nsec3
2718,na-6001-2nsl
2719,na-6002-2nsec3
2720,na-6003-2nsec3
2721,na-6003zzec3
2722,na-6004-2nsec3
2723,na-6005-2nsec3
2724,na-6005-2nsl
2725,na-6006-2nsec3
2726,na-6007-2nsec3
2727,na-6008-2nsec3
2728,na-6008-2rs
2729,na-60scrn31t
2730,na-6200-2nsl
2731,na-6202-2nsec3
2732,na-6202zzec3
2733,na-6203-2nsec3
2734,na-6203-2nsl
2735,na-6203-zzec3
2736,na-6204-2nsec3
2737,na-6204-2nsl
2738,na-6204-zzec3
2739,na-6205-2nsec3
2740,na-6205-2nsl
2741,na-6206-2nsec3
2742,na-6208-2nsec3
2743,na-6301-2nsec3
2744,na-6302-2nsl
2745,na-6302zzec3
2746,na-6303-2nsec3
2747,na-6303-2nsl
2748,na-6304-2nsec3
2749,na-6304-2nsl
2750,na-6305-2nsec3
2751,na-6306-2nsec3
2752,na-6307-2nsec3
2753,na-6308-2nsec3
2754,na-e30203j
2755,na-e30205j
2756,na-e30207j
2757,na-e30208j
2758,na-e30210j
2759,na-e30211j
2760,na-e30212j
2761,na-e30304j
2762,na-e30306j
2763,na-e30307j
2764,na-e30308j
2765,na-e30309dj
2766,na-e30309j
2767,na-e32005j
2768,na-e32006j
2769,na-e32007j
2770,na-e32008j
2771,na-e32206j
2772,na-e32207j
2773,na-e32209j
2774,na-h-e32205j
2775,na-l44649/10
2776,ni-006
2777,ni-028
2778,ni-045
2779,ni-620
2780,ni-640
2781,ni-7327
2782,ni-7508
2783,ni-924
2784,ni-981
2785,ns511002uf
2786,ns527036u
2787,ns541042u
2788,nsc501
2789,nsc507
2790,nsc511
2791,nsc525
2792,nsc527
2793,nsc541
2794,nsc545
2795,nsc556
2796,nsc573
2797,nsc632
2798,nsc633
2799,nsc652
2800,nsc810
2801,nsc815
2802,nsd002u
2803,nsd004u
2804,nsd026
2805,nsd029u
2806,nsd036u
2807,nsd042u
2808,nsd043u
2809,nsd053ua
2810,nsd104u
2811,nsd109u
2812,nsd148
2813,nsd151
2814,nsd210
2815,nsd215
2816,nsk-02474/20
2817,nsk-28584r/21
2818,nsk-28985/21
2819,nsk-58tka3703
2820,nsk-6202dduc3
2821,nsk-hr32215j
2822,ntn-1280/20
2823,ntn-28580/21
2824,ntn-32212u
2825,ntn-368a/362a
2826,ntn-4t-30204
2827,ntn-4t-30206
2828,ntn-4t-30209
2829,ntn-4t-30308d
2830,ntn-4t-32306
2831,ntn-4t-32307
2832,ntn-jpu60-150
2833,ntn-lm11749/10
2834,ntn-lm12749/10
2835,ntn-lm29748/10
2836,ntn-lm29749/10
2837,ntn-lm48548/10
2838,ntn4t-l45449/10
2839,ntn4t-l68149/10
2840,ntnt-30303d
2841,o-1003
2842,o-15170
2843,o-1532
2844,o-1808
2845,o-1811
2846,o-2802
2847,o-7950
2848,oas99032
2849,op-100
2850,op-620
2851,op-621
2852,op-630
2853,op-705
2854,opm-808
2855,opn-808
2856,opn-815
2857,opt-005
2858,opt-008
2859,opt-013
2860,opt-033
2861,p-12002-2z
2862,p-919/7
2863,p-945x
2864,p-gorros
2865,p-mameluco
2866,p1278/1
2867,p2050sm5500
2868,p2550cf5500
2869,p527683
2870,p550762
2871,p550851
2872,p551033
2873,pa2704
2874,pa2721
2875,pa3767
2876,pa3833
2877,pa4341
2878,pa4701
2879,paneton
2880,pe1540ci500
2881,pe1540ci5500
2882,pe20500254t
2883,pe25500254t
2884,pe80900500
2885,pe85140500
2886,peaw68a500
2887,peaw68a5500
2888,petracto500
2889,pk1540ci500
2890,pl-270x
2891,po-13010
2892,polovalv
2893,pp05300025
2894,pp05300055
2895,pp05300100
2896,pp103000100
2897,pp10300025
2898,pp10405500
2899,pp530
2900,ps-35
2901,ps-48
2902,ps-831
2903,ps-832
2904,psd-1265-hd
2905,psd-1304-hd
2906,psd-1345-hd
2907,psd-5003 hd
2908,psd-5013-hd
2909,psd-5019-hd
2910,psd-5024-hd
2911,psd-5028-hd
2912,psd-5061-hd
2913,psd-5071-hd
2914,psd-773-hd
2915,psd-816-hd
2916,psd-866-hd
2917,psd-889-hd
2918,psd-906-hd
2919,psd-941-hd
2920,psd-954-hd
2921,pt12.00r20
2922,pu-10003/2x
2923,pu-1058/1x
2924,pu-1058/x
2925,pu-7005
2926,pu-88
2927,pu-9009z
2928,pu-9009zkit
2929,pu-9015z
2930,pu-910
2931,qj16ar-u
2932,r809060500
2933,r809065500
2934,ra1505324
2935,ra1505325
2936,rcce 0010.6
2937,rcce 0015.7
2938,rcce 0024.6
2939,rcce 0031.9
2940,rcce 0037.8
2941,rccm 2790.0
2942,rcdi 0708.0
2943,rcdi 0709.0
2944,rcdi 0715.0
2945,rcdi 0716.0
2946,rcms 0045.9
2947,rcrs 1813.5
2948,rcsf 0019.0
2949,rcsf 0068.9
2950,rk2866
2951,rn-671
2952,rn-671a
2953,rov1030sn100
2954,rov1040sn5500
2955,rov20504tj025
2956,rov520025
2957,rpta 0052.0
2958,rrcd 0041.8
2959,rrce 0024.2
2960,rrcg 0009.8
2961,rs3542
2962,rs3545
2963,rs3703
2964,rs3992
2965,rs3993
2966,rs4636
2967,rs4643
2968,rs4862
2969,rs4966
2970,rs5408
2971,rto016r
2972,s-bolsas
2973,s-chimpunera
2974,s-franelas
2975,s-overoles
2976,s-paraguas
2977,s-tshirt
2978,sac-79070
2979,sat-017
2980,sb-008
2981,sb004n
2982,sb005n
2983,sb71240 0.50spa
2984,sb71340 stdspa
2985,scdw-417
2986,schd-012
2987,schd-107
2988,schd-108
2989,schd-162
2990,schd-309
2991,schd-337
2992,schd-338
2993,schd-379
2994,schd-415
2995,schd-644
2996,schd-649
2997,scki-459
2998,scki-571
2999,scki-637
3000,scmb-558
3001,scns-086
3002,scns-088
3003,scns-526
3004,sct-001
3005,scty-239
3006,scty-313
3007,scty-446
3008,scya-090
3009,sd295/80r22.5
3010,sd315/80r22.5
3011,sddw-223
3012,sddw-485
3013,sdhd-085
3014,sdhd-175
3015,sdhd-262
3016,sdhd-291
3017,sdhd-369
3018,sdhd-640
3019,sdhd-649
3020,sdhd-650
3021,sdis-102
3022,sdki-032
3023,sdki-325
3024,sdki-566
3025,sdmb-553
3026,sdns-143
3027,sdns-304
3028,sdty-197
3029,sdty-217
3030,sdty-346
3031,set11
3032,set13
3033,set318
3034,set4
3035,set403
3036,set404
3037,set5
3038,set6
3039,set8
3040,sf-1906-30
3041,sf-1913-10
3042,sf-1913-2
3043,sf-38010
3044,sf-57020-25
3045,sf-57080
3046,sf-72011
3047,sf-73010
3048,sf-79080
3049,sf-88040
3050,sfal040
3051,sfc-25020-30
3052,sfc-38020-02
3053,sfc-38110
3054,sfc-53050-30
3055,sfc-53070-10
3056,sfc-5401
3057,sfc-5504-30
3058,sfc-5505
3059,sfc-57040
3060,sfc-5707
3061,sfc-57190
3062,sfc-76140-30
3063,sfc-76170-30
3064,sfc-7901-30b
3065,sfc-79170
3066,sfc-7919
3067,sfc-83120-30b
3068,sfc-89020
3069,sht265/70r17
3070,sk-026
3071,sk-110
3072,sk-120
3073,sk-610a
3074,sk-611
3075,sk-621
3076,sk-901
3077,sk005n
3078,sk013n
3079,sk014n
3080,sk017n
3081,sk019n
3082,sk020n
3083,sk022
3084,sk022n
3085,sk023
3086,sk023n
3087,sk14
3088,sk16
3089,sk19fa-e
3090,sk20hr11
3091,sk24fa-e
3092,skf-1209ektn9c3
3093,skf-1211ektn9c3
3094,skf-1215k
3095,skf-22211ek/c3
3096,skf-22215ek/c3
3097,skf-3204a
3098,skf-3205a
3099,skf-3206a
3100,skf-3302a
3101,skf-3303a
3102,skf-3304a
3103,skf-3305a
3104,skf-3310a
3105,skf-3312a
3106,skf-6000-2rsh
3107,skf-6000-2rsh/c3
3108,skf-6000-2z/c3
3109,skf-6001-2z/c3
3110,skf-6002-2rshc3
3111,skf-6002-2z
3112,skf-6002-2z/c3
3113,skf-6003-2rsh
3114,skf-6003-2rsh/c3
3115,skf-6003-2z
3116,skf-6003-2z/c3
3117,skf-6004-2rshc3
3118,skf-6005-2rs1
3119,skf-6005-2z/c3
3120,skf-6006-2z
3121,skf-6006-2z/c3
3122,skf-6007-2rs1
3123,skf-6007-2z
3124,skf-6007-2z/c3
3125,skf-6008-2rs1c3
3126,skf-6008-2z/c3
3127,skf-6009-2rs1c3
3128,skf-6010-2rs1c3
3129,skf-6010-2z/c3
3130,skf-6011-2z/c3
3131,skf-6012-2z
3132,skf-6012-2z/c3
3133,skf-6016-2rs1/c3
3134,skf-607-2rsh/c3
3135,skf-607-2z
3136,skf-608-2rsh
3137,skf-608-2rsh/c3
3138,skf-608-2z/c3
3139,skf-609-2rs1
3140,skf-609-2rsh/c3
3141,skf-609-2z/c3
3142,skf-6200-2z
3143,skf-6201-2rsh
3144,skf-6201-2rshc3
3145,skf-6201-2z
3146,skf-6202-2rshc3
3147,skf-6202-2z/c3
3148,skf-6203-2rsh
3149,skf-6203-2rshc3
3150,skf-6205-2z
3151,skf-6205-2z/c3
3152,skf-6206-2rs1
3153,skf-6207-2rs1
3154,skf-6207-2z/c3
3155,skf-6208-2rs1c3
3156,skf-6208-2z/c3
3157,skf-6209-2z
3158,skf-6209-2z/c3
3159,skf-6210-2rs1
3160,skf-6210-2z/c3
3161,skf-6211-2rs1
3162,skf-6211-2rs1c3
3163,skf-6211-2z/c3
3164,skf-6212-2rs1
3165,skf-6212-2rs1c3
3166,skf-6213-2rs1
3167,skf-6213-2rs1c3
3168,skf-6213-2z/c3
3169,skf-62201-2rs1
3170,skf-625-2rs1
3171,skf-625-2z
3172,skf-627-2rsh/c3
3173,skf-629-2rsh
3174,skf-629-2rsh/c3
3175,skf-629-2z/c3
3176,skf-6300-2rsh
3177,skf-6300-2z
3178,skf-6300-2z/c3
3179,skf-6301-2z
3180,skf-6301-2z/c3
3181,skf-6302-2rsh/c3
3182,skf-6302-2z/c3
3183,skf-6303-2rsh
3184,skf-6303-2rsh/c3
3185,skf-6303-2z
3186,skf-6303-2z/c3
3187,skf-6304-2rsh/c3
3188,skf-6304-2z/c3
3189,skf-6305-2rs1
3190,skf-6305-2rs1c3
3191,skf-6305-2z
3192,skf-6306-2rs1c3
3193,skf-6306-2z
3194,skf-6306-2z/c3
3195,skf-6307-2rs1
3196,skf-6307-2rs1c3
3197,skf-6307-2z
3198,skf-6308-2rs1
3199,skf-6308-2z/c3
3200,skf-6309-2z
3201,skf-6309-2zc3
3202,skf-6310-2rs1c3
3203,skf-6310-2z
3204,skf-6310-2z/c3
3205,skf-6311-2rs1c3
3206,skf-6311-2z/c3
3207,skf-6312-2rs1c3
3208,skf-6312-2z/c3
3209,skf-6313-2rs1c3
3210,skf-6313-2z/c3
3211,skf-6314-2rs1c3
3212,skf-6314-2z/c3
3213,skf-lm11949/910
3214,skf-lm67048/010
3215,skhd-013
3216,skhd-6449-lb
3217,skki-031
3218,skki-138
3219,sm001
3220,sm002
3221,sm004
3222,sm007
3223,sm011
3224,sm012
3225,sm015
3226,sm020
3227,sm022
3228,sm023
3229,sm034
3230,sm036
3231,sm037
3232,sm044
3233,sm049
3234,sm050
3235,sm052
3236,sm11r22.5
3237,sm315/80r22.5
3238,sp-2081-2
3239,srb-010
3240,srb-02
3241,srb-04
3242,srb-07
3243,srb-116
3244,srb-23
3245,srch002
3246,srch009
3247,srhy004
3248,srhy005
3249,srhy010
3250,srki002
3251,srni002
3252,srni008
3253,srsk001
3254,srsk003
3255,srto005
3256,srto006
3257,srto009
3258,srto010
3259,srto012
3260,srto013
3261,srto016
3262,srvw002
3263,ssucfl205
3264,ssucfl20516
3265,ssucp20516
3266,ssucp20720
3267,ssucp20824
3268,st-1538
3269,st-1948
3270,std295/80r22.5
3271,stm11r22.5
3272,stm12r22.5
3273,stp12r22.5
3274,stpp12r22.5
3275,szc512
3276,szc522
3277,szc527
3278,szc548u
3279,szd005
3280,szd027u
3281,szd039
3282,t017n
3283,t022n
3284,t025n
3285,t028n
3286,t032n
3287,t034
3288,t038n
3289,t040
3290,t041
3291,t041n
3292,t1003
3293,t1004
3294,t1007
3295,t1008
3296,t1093
3297,t1094
3298,t1110
3299,t1111
3300,t1114
3301,t1122
3302,t1123
3303,t1132
3304,t1147
3305,t1156
3306,t1163
3307,t1164
3308,t1169
3309,t1170
3310,t1173
3311,t1173l
3312,t1178
3313,t1179
3314,t1184
3315,t1193
3316,t1198
3317,t1199
3318,t1200
3319,t1201
3320,t1212
3321,t1213
3322,t1220
3323,t1221
3324,t1224
3325,t1225
3326,t1226
3327,t1227
3328,t1234
3329,t1235
3330,t1236
3331,t1237
3332,t1238
3333,t1239
3334,t1240
3335,t1241
3336,t1801-01
3337,tapasoles
3338,tb-1374/13x
3339,tb-1396x
3340,tb-15001zkit
3341,tc-4301
3342,tc-7901
3343,te-11050
3344,te-13020
3345,televisor
3346,tgts-002
3347,tis-166
3348,tjbyd02
3349,tjbyd03
3350,tjch01
3351,tjch02
3352,tjch03
3353,tjch04
3354,tjdw01
3355,tjfd01
3356,tjft01
3357,tjgw01
3358,tjhn01
3359,tjhn02
3360,tjhy02
3361,tjhy03
3362,tjhy05
3363,tjhy06
3364,tjhy07
3365,tjhy09
3366,tjhy10
3367,tjki01
3368,tjki05
3369,tjki06
3370,tjki07
3371,tjmi01
3372,tjmi02
3373,tjni01
3374,tjni02
3375,tjni03
3376,tjni05
3377,tjni06
3378,tjni07
3379,tjni09
3380,tjni11
3381,tjsk02
3382,tjsk03
3383,tjsk04
3384,tjty01
3385,tjty02
3386,tjty03
3387,tjty05
3388,tjty07
3389,tjty09
3390,tjty13
3391,tjty14
3392,tjty15
3393,tjty16
3394,tjty17
3395,tjty18
3396,tjvw01
3397,tk-30212
3398,tk40-4ak
3399,tkia-010
3400,tkl-16/24
3401,tkl-24/24
3402,tkl-24/30
3403,tkl-h-101
3404,tkl-h-308-1
3405,tkl065145k
3406,tkl065146
3407,tkl065225
3408,tkl107796
3409,tkl107800
3410,tkl2005
3411,tkl20615
3412,tkl20900
3413,tkl20901
3414,tkl22018a
3415,tkl22020a
3416,tkl22032
3417,tkl22032b
3418,tkl229859
3419,tkl24009
3420,tkl24516
3421,tkl26011a
3422,tkl26020
3423,tkl275491k
3424,tkl2769shd
3425,tkl286171
3426,tkl289335
3427,tkl30011
3428,tkl35014
3429,tkl3732
3430,tkl3733
3431,tkl3839a
3432,tkl3839b
3433,tkl4020
3434,tkl452710-4a
3435,tkl48014aa/48014cc
3436,tkl48014bb
3437,tkl5004050x
3438,tkl5004341x
3439,tkl5004342x
3440,tkl5005037
3441,tkl5005309
3442,tkl53026a
3443,tkl53027a
3444,tkl53029
3445,tkl56011b1
3446,tkl6886834
3447,tkl6915
3448,tkl6918
3449,tkl800629
3450,tkl802486
3451,tkl802487
3452,tkl84009
3453,tkl84075
3454,tklk022105n
3455,tklr0003
3456,tks44-25k
3457,tks44-30k
3458,tks48-39k
3459,tks50-33k
3460,tks50-34k
3461,tks58-37k
3462,tks60-35k
3463,tks62-5k
3464,tks68-47k
3465,tm-171
3466,tm-181
3467,tm-188
3468,tm-193
3469,tm-197
3470,tmi003
3471,tmz-110
3472,tn-128
3473,to-023
3474,to-025
3475,to-029
3476,to-23
3477,to-640
3478,to-720
3479,to-721a
3480,to-722
3481,to-723
3482,to-826
3483,to-836
3484,to-838
3485,tr1695776
3486,tr220
3487,tr6289
3488,tra500500
3489,ts-3866
3490,ts-3867
3491,ts20
3492,tt-114
3493,tt-120
3494,tt-129
3495,tt-129-1a
3496,tto010
3497,tto022
3498,tu-100
3499,tu-50
3500,tuh-165
3501,ty525035u
3502,ty553008u
3503,ty565112u
3504,ty625145u
3505,ty639163u
3506,ty643168
3507,ty655183u
3508,tyc517
3509,tyc522
3510,tyc525
3511,tyc526
3512,tyc538
3513,tyc549
3514,tyc553
3515,tyc565
3516,tyd008u
3517,tyd035u
3518,tyd085u
3519,tyd112u
3520,tyd122u
3521,u-58/1kit
3522,u-620/2
3523,u-620/3ykit
3524,u-630xkit
3525,ub0112e
3526,ucf20412
3527,ucf205
3528,ucf205-16
3529,ucf20516
3530,ucf206
3531,ucf207
3532,ucf207-20
3533,ucf20720
3534,ucf209
3535,ucf209-28
3536,ucf20928
3537,ucf210
3538,ucf211
3539,ucf21132
3540,ucp205
3541,ucp20514
3542,ucp206
3543,ucp207-20
3544,ucp21132
3545,ucp212
3546,ucp21340
3547,uj090x
3548,uj1696389
3549,uj170x
3550,uj200
3551,uj263567
3552,uj3090266
3553,uj381
3554,uj384
3555,uj388
3556,uj400
3557,uj4040026
3558,uj500
3559,uj527
3560,uj730
3561,uj761
3562,uj948
3563,uj952
3564,uj957
3565,uj975
3566,ujps-35
3567,ujps-48
3568,ujts-2769l
3569,ujts-3866
3570,ur008
3571,v-ambientadores
3572,v-bolsas
3573,v-c1109
3574,v-camisetas
3575,v-chimpunera
3576,v-coche
3577,v-fecheros
3578,v-gorros
3579,v-herramientas
3580,v-mameluco
3581,v004n
3582,v4-087
3583,vterm5500
3584,vv92755
3585,vv935
3586,vx0366ad
3587,vx3003ab
3588,vx3004ab
3589,vx929
3590,w-1019
3591,w-11102/34
3592,w-1160
3593,w-12106
3594,w-1323
3595,w-6018
3596,w-712/22
3597,w-712/4
3598,w-712/95
3599,w-719/15
3600,w-719/4
3601,w-75/3
3602,w-9019
3603,w-914/28
3604,w-934
3605,w-940/34
3606,w-940/62
3607,w-950/14
3608,w-950/16
3609,w-950/4
3610,w-950/7
3611,w-950/9
3612,w-bolsas
3613,w6multi-20
3614,w7multi-18
3615,w7multi-3/4-s
3616,wa-921/1
3617,wa-923/1
3618,wa-923/2
3619,wa-940/1
3620,wa-940/3
3621,wa1512
3622,wa22.5x8.25
3623,wc-57010
3624,wc-5713
3625,wc22.5x8.25
3626,wd-13145
3627,wd-950/2
3628,wdk-11001
3629,wdk-11102/11
3630,wdk-11102/23
3631,wf10031
3632,wf10087
3633,wf10246
3634,wh-980/3
3635,wk-10002
3636,wk-10034
3637,wk-1070/x
3638,wk-4002
3639,wk-42/2
3640,wk-48/3
3641,wk-513
3642,wk-6002
3643,wk-613/4
3644,wk-69
3645,wk-69/1
3646,wk-723/6
3647,wk-730/1
3648,wk-8102
3649,wk-8115
3650,wk-8130
3651,wk-8135
3652,wk-8194
3653,wk-824
3654,wk-842/3
3655,wk-853/22
3656,wk-857/1
3657,wk-9014z
3658,wk-9016
3659,wk-923/2x
3660,wk-940/22
3661,wk-940/33x
3662,wk-940/6
3663,wk-940/6x
3664,wk-950/6
3665,wk-955/2
3666,wld202u
3667,wp-1144
3668,wp-1169
3669,wpm-001va
3670,wpm-002va
3671,wpn-001va
3672,wpn-020va
3673,wpn-107va
3674,wpt-008va
3675,wpt-111va
3676,wpt-165va
3677,wpt-166va
3678,wpt-202
3679,wpt-703
3680,wpt-711
3681,wpt-746
3682,za-42kw11ca43-01lb
3683,za-45wd03ca101
3684,za-45wd16ca103
3685,za-54kwh01r-y-2ca-01
3686,zd1037
3687,zd1039
3688,zd1044
3689,zd1080
3690,zd1086
3691,zd1089
3692,zd1094
3693,zd1095
3694,zd1100
3695,zd1113
3696,zd1157
3697,zd1161
3698,zd1169
3699,zd1188
3700,zd1191
3701,zd1210a
3702,zd1258
3703,zd1281
3704,zd1288
3705,zd1297
3706,zd1327
3707,zd1345
3708,zd1374
3709,zd1378
3710,zd1393
3711,zd1398
3712,zd1414
3713,zd1423
3714,zd1454
3715,zd1455
3716,zd1467
3717,zd1468
3718,zd1498
3719,zd1510
3720,zd1539
3721,zd1543
3722,zd1544
3723,zd1593
3724,zd1595
3725,zd1611
3726,zd1633
3727,zd1679
3728,zd1721
3729,zd1722
3730,zd1728
3731,zd1737
3732,zd1761
3733,zd1808
3734,zd1811
3735,zd1812
3736,zd1846
3737,zd1852
3738,zd1912
3739,zd2037
3740,zd227a
3741,zd242
3742,zd340a
3743,zd436
3744,zd465a
3745,zd497
3746,zd511
3747,zd530
3748,zd556
3749,zd560
3750,zd601
3751,zd680
3752,zd691
3753,zd741
3754,zd770
3755,zd772
3756,zd799
3757,zd815
3758,zd862
3759,zd864
3760,zd866
3761,zd868
3762,zd905
3763,zd914
3764,zd924
3765,zd929
3766,zd945
3767,zd969
3768,zd981
3769,zd996
3770,zd997
3771,zr-905/z
3772,zx203
3773,zx303
3774,zxelru1
3775,zyb-0016r/134a
3776,zyb-0016r/241
3777,zyb-0017l/535-1
3778,zyb-0017l/535-1up
3779,zyb-0021r/134
3780,zyb-0024l/535-2
3781,zyb-0024r/241-1
3782,zyb-0807r/489a
3783,zyb-1214l/243
3784,zyb-1216l/198
3785,zyb-1315r/130
3786,zyb-2024l/535-3
