lag,tipo,corr,sku
0,Pesados,-0.3415277450378215,17141
2,Hibridos y Electricos,-0.4447235945774674,17141
5,Menores,0.4001049211747684,17141
5,Remolques y SemiR,0.4766000970488547,17141
6,Menores,0.32257721481500423,17171
6,Pesados,0.39464858483513077,17171
6,Remolques y SemiR,0.32610950930922883,17171
5,Remolques y SemiR,0.508910390612439,17181
6,Menores,0.4010990516488079,17181
7,Hibridos y Electricos,-0.525411055988893,17181
0,Livianos,0.31676989110945775,17197
0,Menores,0.4359133404213491,17197
6,Remolques y SemiR,0.48175685407128915,17197
7,Hibridos y Electricos,-0.4148928347235266,17197
0,Livianos,0.34469174258487756,17629
0,Livianos,0.3582342899589237,17631
2,Hibridos y Electricos,-0.31371079564673154,17635
2,Livianos,-0.30859836080799735,17635
6,Remolques y SemiR,0.31181289362314474,17635
1,Remolques y SemiR,-0.3081341205903302,17638
2,Menores,-0.5177370778479506,17638
7,Pesados,-0.31504481374161014,17638
6,Remolques y SemiR,0.30675708578545013,17643
7,Pesados,-0.38988304282376596,17649
0,Livianos,0.3159336733109234,17916
7,Pesados,-0.3541195985343426,17945
0,Remolques y SemiR,0.36369225498495406,17948
7,Pesados,-0.39576988402084795,17948
0,Hibridos y Electricos,0.47652858284577043,18032
5,Menores,-0.5846357932750385,18032
6,Remolques y SemiR,-0.49517108119308484,18032
2,Menores,-0.4147109152501164,18033
2,Pesados,-0.30331197507200325,18033
6,Remolques y SemiR,-0.4048526398101251,18033
0,Hibridos y Electricos,0.37613828454187626,18036
0,Remolques y SemiR,-0.361948445609988,18036
1,Pesados,-0.38475404647814465,18036
2,Menores,-0.5171350181705022,18036
2,Hibridos y Electricos,0.4966804481652895,18038
5,Menores,-0.4491244179367226,18038
6,Remolques y SemiR,-0.44030803057585244,18038
0,Menores,-0.3998210154796857,18048
5,Hibridos y Electricos,0.3098454644654658,18048
6,Remolques y SemiR,-0.3722779227956575,18048
2,Menores,-0.3699644598239091,18057
7,Hibridos y Electricos,0.3803250338705812,18057
7,Livianos,0.32279188085853916,18057
7,Remolques y SemiR,-0.3392981988258904,18057
0,Menores,0.4160414153682052,24526127l
1,Livianos,-0.46285035551443215,24526127l
2,Remolques y SemiR,0.49286578930677455,24526127l
7,Pesados,-0.38962603698126036,24526127l
1,Livianos,-0.47046165052950534,24526127r
1,Pesados,-0.4227427811588474,24526127r
2,Remolques y SemiR,0.391573587229196,24526127r
7,Menores,-0.3398878773705298,24526127r
3,Remolques y SemiR,0.43173394823004874,332152
4,Menores,0.3163434872164705,332152
7,Hibridos y Electricos,-0.346963294150573,332152
3,Remolques y SemiR,0.4417707096671213,332153
6,Hibridos y Electricos,-0.340695745152508,332153
7,Pesados,-0.30204487999512447,332153
6,Livianos,-0.5192310899237489,3330083
0,Hibridos y Electricos,0.3162880861634664,3330084
4,Remolques y SemiR,-0.3442809286410571,3330084
6,Livianos,-0.5478966471934218,3330084
6,Pesados,-0.37880783083119685,3330084
0,Remolques y SemiR,0.44331365306341053,333741
4,Menores,0.5131510063635265,333741
7,Hibridos y Electricos,-0.44237000298321516,333741
7,Livianos,-0.5794780064076197,333741
7,Pesados,-0.3998043595660846,333741
4,Hibridos y Electricos,0.4612237898655086,3340047
5,Livianos,-0.3457138214164479,3340047
7,Menores,-0.4459988352582452,3340047
7,Remolques y SemiR,-0.4185046338500686,3340047
0,Pesados,0.3108719360814776,3340048
1,Remolques y SemiR,-0.3214047607790227,3340048
2,Livianos,0.4261173259209618,3340048
7,Menores,-0.34810520410074647,3340048
3,Livianos,-0.42693591089413485,3461-1011askr
4,Menores,0.36588611591126935,3461-1011askr
7,Remolques y SemiR,0.33620721093795014,3461-1011askr
0,Hibridos y Electricos,0.30175362674320566,3461-1096skr
3,Menores,-0.32812364752551637,3461-1096skr
3,Remolques y SemiR,-0.37328227677169457,3461-1096skr
1,Remolques y SemiR,-0.5845984971998974,3461-8553skr
2,Hibridos y Electricos,0.6407645285450674,3461-8553skr
4,Menores,-0.46200042091327775,3461-8553skr
1,Hibridos y Electricos,-0.333476254275228,377412503
1,Livianos,-0.4059172440435155,377412503
1,Pesados,-0.3310362927320561,377412503
4,Menores,0.4036648990922544,377412503
5,Remolques y SemiR,0.33423134824003536,377412503
0,Menores,0.6651438340430219,377513029
0,Remolques y SemiR,0.45690640850573216,377513029
1,Hibridos y Electricos,-0.4175021673857259,377513029
1,Livianos,-0.5570401997572378,377513029
1,Pesados,-0.4180271087361778,377513029
1,Livianos,-0.3915745779144498,4060a397
5,Menores,0.5345377817634285,4060a397
5,Pesados,0.39309279810989545,4060a397
5,Remolques y SemiR,0.400736649582199,4060a397
6,Hibridos y Electricos,-0.3136506113079232,4060a397
2,Menores,0.3339447672541892,4106861j00
4,Livianos,-0.4082494476077396,4106861j00
4,Livianos,-0.4424263599682052,4106961j00
2,Livianos,0.3272421875858506,41601-58m00
2,Pesados,0.3839323957552754,41601-58m00
4,Menores,-0.3409934030644174,41601-64j00
4,Pesados,-0.324466522651072,41601-64j00
6,Livianos,0.305238895780999,41601-64j00
2,Livianos,0.3342507310322448,41602-58m00
2,Pesados,0.33137227773975286,41602-58m00
1,Pesados,-0.3060887080349987,41602-64j00
2,Hibridos y Electricos,-0.6305590713822719,41602-64j00
5,Remolques y SemiR,0.5929342162489508,41602-64j00
6,Menores,0.4256206630492538,41602-64j00
0,Pesados,0.3393355419375353,41700-65j00
1,Livianos,-0.39824205797658624,41700-65j00
5,Menores,0.3799975573335205,41700-65j00
5,Remolques y SemiR,0.3252959167162704,41700-65j00
0,Hibridos y Electricos,-0.3786468559534421,44209
3,Menores,0.3324683278730112,44209
3,Remolques y SemiR,0.3825761567340713,44209
1,Remolques y SemiR,-0.31352953190328225,48005
6,Hibridos y Electricos,0.3637192240634218,48005
7,Menores,-0.31991897788091544,48006
7,Pesados,-0.3939934547976076,48006
7,Pesados,-0.321561048437244,48042
4,Hibridos y Electricos,0.6580001023044938,48072
5,Menores,-0.4510514805605018,48072
7,Remolques y SemiR,-0.5696799311440662,48072
3,Menores,-0.37612156119799534,48076
6,Hibridos y Electricos,0.3125169511325371,48076
3,Pesados,-0.3749424458303292,48078
7,Remolques y SemiR,0.31880141793053396,48078
2,Hibridos y Electricos,-0.32375596972424064,48321
5,Menores,0.3935217948437144,48321
5,Remolques y SemiR,0.48746812576061865,48321
2,Livianos,-0.30168928405241435,48328
0,Remolques y SemiR,0.3358818469031734,48350
1,Hibridos y Electricos,-0.4657643384442254,48351
5,Menores,0.4000680226491408,48351
5,Remolques y SemiR,0.4838621143663506,48351
1,Livianos,-0.4153632606354154,48510-02150
2,Remolques y SemiR,0.3253230967839575,48510-02150
1,Hibridos y Electricos,-0.6047866496845117,48510-09k60ref
3,Remolques y SemiR,0.5531307685775481,48510-09k60ref
4,Menores,0.5305444138097923,48510-09k60ref
7,Livianos,-0.41507042764317864,48510-09k60ref
7,Pesados,-0.3958549003503854,48510-09k60ref
4,Remolques y SemiR,0.3354511930725569,48510-0d591
0,Menores,0.49028547118539173,48510-12750
1,Hibridos y Electricos,-0.5486753564213339,48510-12750
1,Livianos,-0.3416638143803806,48510-12750
5,Pesados,0.3772255695728,48510-12750
5,Remolques y SemiR,0.5423157394521606,48510-12750
0,Pesados,0.32033364906813216,48510-12750-r
2,Remolques y SemiR,0.4281035342171568,48510-12750-r
3,Livianos,-0.3950387461239833,48510-12750-r
6,Menores,0.383029754929847,48510-12750-r
0,Menores,0.4507040153944718,48510-12d20
0,Pesados,0.42993874503804386,48510-12d20
1,Livianos,-0.31543661392482164,48510-12d20
6,Remolques y SemiR,0.3126772251083272,48510-12d20
3,Menores,0.34795383949746717,48510-19355
4,Hibridos y Electricos,-0.34935509072979976,48510-19355
4,Remolques y SemiR,0.3394477906634185,48510-19355
7,Livianos,-0.5267920949723399,48510-19355
7,Pesados,-0.4748058122074645,48510-19355
2,Remolques y SemiR,0.6764682950623618,48510-20010
5,Menores,0.6816343245000949,48510-20010
7,Hibridos y Electricos,-0.7364703552596906,48510-20010
7,Livianos,-0.4085808031160965,48510-20010
0,Menores,0.5156640056145769,48510-29277
2,Remolques y SemiR,0.3736035566473928,48510-29277
4,Pesados,-0.46469526084871043,48510-29277
6,Hibridos y Electricos,-0.357650640427462,48510-29277
6,Livianos,-0.4115192715679283,48510-29277
0,Livianos,0.34803137877150037,48510-52031
0,Pesados,0.4120725099531005,48510-52031
0,Remolques y SemiR,0.39393070816077036,48510-52031
1,Hibridos y Electricos,-0.45466473879631314,48510-52031
3,Menores,0.5566416077409635,48510-52031
0,Livianos,0.4126678529931227,48510-52790
0,Pesados,0.480881589311657,48510-52790
1,Hibridos y Electricos,-0.3320869733485137,48510-8z205ref
1,Pesados,-0.3651232912147737,48510-8z205ref
4,Pesados,0.4262130273811253,48510-bz750
7,Remolques y SemiR,-0.45182953200255493,48510-bz750
2,Menores,0.3441724730004487,4851009u70
7,Livianos,-0.3978052748300659,4851009u70
7,Pesados,-0.40586712034535066,4851009u70
1,Pesados,-0.3151315316795538,485100d851
2,Livianos,0.37916421889843344,485100d851
1,Livianos,-0.45916702101211027,48520-02150
1,Pesados,-0.3108572231944465,48520-02150
0,Menores,0.3692564078287556,48520-12610
1,Hibridos y Electricos,-0.3195985871609026,48520-12610
1,Livianos,-0.462767722770972,48520-12610
5,Pesados,0.4025652112961527,48520-12610
5,Remolques y SemiR,0.3791340959072475,48520-12610
0,Menores,0.38483698536937005,48520-12610-l
0,Pesados,0.3534170344814199,48520-12610-l
2,Remolques y SemiR,0.41007044420310973,48520-12610-l
3,Livianos,-0.4069831052024143,48520-12610-l
0,Livianos,0.31489750094559893,48520-12c20
0,Pesados,0.3901816256338446,48520-12c20
6,Menores,0.38298866551575583,48520-12c20
6,Remolques y SemiR,0.34706197731585564,48520-12c20
3,Hibridos y Electricos,-0.4584366206142382,48520-19075
4,Menores,0.445041563671001,48520-19075
4,Remolques y SemiR,0.47475129972087393,48520-19075
7,Livianos,-0.5564860861327864,48520-19075
7,Pesados,-0.41869621163403364,48520-19075
3,Menores,0.5168772193503799,48520-29285
4,Pesados,-0.3210237509877376,48520-29285
5,Remolques y SemiR,0.36924772167729153,48520-29285
6,Hibridos y Electricos,-0.3635288355706031,48520-29285
6,Livianos,-0.48727171796862706,48520-29285
0,Livianos,0.3414754247127497,48520-52010
0,Pesados,0.47292636014717265,48520-52010
2,Menores,0.34836510539822363,48520-52010
1,Menores,0.33222415100270075,48520-bz750
4,Pesados,0.32373119861425165,48520-bz750
7,Remolques y SemiR,-0.3298055153060153,48520-bz750
0,Livianos,0.398620631119913,4852009m80
0,Pesados,0.3542318421986983,4852009m80
4,Remolques y SemiR,0.41687815925885746,48530-02130
7,Livianos,-0.6371355531374596,48530-02130
7,Menores,-0.46865904266681135,48530-02130
7,Pesados,-0.5226527446124227,48530-02130
0,Hibridos y Electricos,-0.5234184986204325,48530-02180
4,Menores,0.521503904922071,48530-02180
4,Remolques y SemiR,0.5367714700019343,48530-02180
7,Livianos,-0.3784511456162623,48530-02180
1,Hibridos y Electricos,-0.3991289124299171,48530-16380
1,Pesados,-0.3471407016138517,48530-16380
2,Menores,0.34810951419925384,48530-16380
2,Remolques y SemiR,0.33658701243732203,48530-16380
7,Livianos,-0.4199040361272206,48530-16380
1,Hibridos y Electricos,-0.52244761428445,48530-52051
4,Menores,0.5065769622997933,48530-52051
4,Remolques y SemiR,0.5431433651513632,48530-52051
7,Livianos,-0.5419122610622017,48530-52051
7,Pesados,-0.5253211100124393,48530-52051
0,Hibridos y Electricos,-0.34763762241298973,48530-52b00
0,Remolques y SemiR,0.3542270879922628,48530-52b00
1,Pesados,-0.3756758330015459,48530-52b00
2,Menores,0.4134005076303067,48530-52b00
7,Livianos,-0.36178676090837003,48530-52b00
2,Livianos,0.3305702006592708,4853002700
4,Hibridos y Electricos,-0.34035606004058977,4853002700
5,Remolques y SemiR,0.30301733794980934,4853002700
1,Pesados,-0.36203553923755233,485300d330
4,Livianos,-0.3822243185902884,485300d330
3,Hibridos y Electricos,0.44329665240101324,48531-09840ref
4,Pesados,-0.3434253310144779,48531-09840ref
7,Menores,-0.5079737032727581,48531-09840ref
7,Remolques y SemiR,-0.5714324693986235,48531-09840ref
0,Remolques y SemiR,0.4723148691896305,48531-35190ref
1,Hibridos y Electricos,-0.5041887227831829,48531-35190ref
5,Menores,0.48841415967817353,48531-35190ref
7,Livianos,-0.33857478266519747,48531-35190ref
7,Pesados,-0.31556773241617136,48531-35190ref
0,Menores,0.5686374744697967,48531-36100
1,Hibridos y Electricos,-0.545824347287568,48531-36100
1,Livianos,-0.30783362621444027,48531-36100
2,Remolques y SemiR,0.5332329952110606,48531-36100
5,Menores,0.5009468480263125,48531-36160
5,Remolques y SemiR,0.48167672354306906,48531-36160
7,Hibridos y Electricos,-0.5047333995907907,48531-36160
1,Livianos,-0.31017510564037976,4853109450
1,Pesados,-0.3047110104296508,4853109450
2,Menores,0.4335902880341772,4853109450
2,Remolques y SemiR,0.6449162731526309,4853109450
6,Hibridos y Electricos,-0.5259991716700712,4853109450
0,Menores,0.48871940572212785,485310r010
0,Pesados,0.3018047841728648,485310r010
3,Livianos,-0.3316540897559172,485310r010
0,Hibridos y Electricos,-0.44032384690884213,48540-02120
4,Menores,0.5673674984114243,48540-02120
4,Remolques y SemiR,0.6330119094784187,48540-02120
7,Livianos,-0.6451107474707143,48540-02120
7,Pesados,-0.6123470245058752,48540-02120
6,Hibridos y Electricos,0.3312809016517374,48541-09210ref
7,Menores,-0.4226091415067068,48541-09210ref
7,Remolques y SemiR,-0.4031243931762442,48541-09210ref
6,Menores,0.4586686035187676,48680
6,Remolques y SemiR,0.42386918046582733,48680
7,Hibridos y Electricos,-0.4204075986792498,48680
1,Menores,0.3876034513982173,48700
1,Remolques y SemiR,0.5557150299174736,48700
2,Hibridos y Electricos,-0.4412880014110451,48700
2,Pesados,-0.30435587310277173,48702
0,Menores,0.514766744218228,48904
2,Hibridos y Electricos,-0.5176150961733774,48904
2,Remolques y SemiR,0.5204819311090354,48904
4,Hibridos y Electricos,-0.351722904747292,48951
4,Menores,0.3840806686520534,48951
4,Remolques y SemiR,0.43360586378369437,48951
6,Livianos,-0.43792327771425016,48951
7,Pesados,-0.4292864384993087,48951
0,Remolques y SemiR,0.37310922934297247,48991
2,Remolques y SemiR,0.31034403582455117,54302-54y00
3,Menores,0.49083155009179014,54302-54y00
4,Pesados,0.3755626084831812,54302-54y00
7,Livianos,-0.412900232278476,54302-54y00
0,Menores,0.504981078406303,54302-5m400
0,Remolques y SemiR,0.4753955218445218,54302-5m400
1,Pesados,-0.37461541366802187,54302-5m400
4,Hibridos y Electricos,-0.35489781404411436,54302-5m400
2,Remolques y SemiR,0.332716946080058,54303-54y00
3,Menores,0.459358773120548,54303-54y00
4,Pesados,0.37695186258012925,54303-54y00
7,Livianos,-0.32842365844643695,54303-54y00
0,Menores,0.45941766322831756,54303-5m400
1,Pesados,-0.4906258631776443,54303-5m400
6,Remolques y SemiR,0.4524227073664226,54303-5m400
7,Livianos,-0.458037659998634,54303-5m400
5,Hibridos y Electricos,0.3785258362956959,54650-1r001
7,Remolques y SemiR,-0.3365590830517377,54650-1r001
4,Livianos,-0.49234213891116924,54650-1y200
6,Pesados,-0.3031812450704478,54650-1y200
3,Remolques y SemiR,0.5079858097595041,54650-24120
4,Menores,0.5961498146607619,54650-24120
5,Hibridos y Electricos,-0.46219216069408137,54650-24120
7,Livianos,-0.49114257986830795,54650-24120
7,Pesados,-0.622177610805857,54650-24120
2,Hibridos y Electricos,0.41653519971630254,54650-4h600
6,Menores,-0.43250295831712443,54650-4h600
7,Remolques y SemiR,-0.38233138382634985,54650-4h600
2,Menores,0.3221264932266202,54650-b4000
3,Pesados,-0.48235590646111715,54650-b4000
6,Livianos,-0.45910182357456863,54650-b4000
0,Menores,0.3730858064355115,54650-g6250
1,Pesados,-0.3197038365732921,54650-g6250
4,Livianos,-0.3219562721966757,54650-g6250
1,Menores,0.40867967702274294,54650-h9200
6,Livianos,-0.5260534153968839,54650-h9200
6,Pesados,-0.4845718612466312,54650-h9200
3,Livianos,-0.30675516777986095,54651-2s000
7,Menores,0.3146621867254553,54651-2s000
4,Menores,0.40846036477914155,54651-3x250
6,Livianos,-0.49245672272150026,54651-3x250
7,Pesados,-0.33111217750748023,54651-3x250
4,Livianos,-0.4605494362644037,54660-1y200
0,Menores,-0.32261504192856477,54660-4h600
3,Livianos,-0.4601929043989361,54660-b4000
3,Pesados,-0.5165661948989066,54660-b4000
1,Pesados,-0.3288215805426339,54660-g6250
5,Menores,0.3583175820548706,54660-h9200
6,Livianos,-0.4901904817482807,54660-h9200
6,Pesados,-0.49098326981899104,54660-h9200
0,Menores,0.36555757686189594,54661-2s000
0,Remolques y SemiR,0.4037624886822607,54661-2s000
1,Pesados,-0.302320764492967,54661-2s000
3,Livianos,-0.34155801418816634,54661-2s000
4,Menores,0.36873865476818446,54661-3x250
6,Livianos,-0.4288034404705244,54661-3x250
7,Pesados,-0.5210430570414051,54661-3x250
0,Pesados,0.3504939737368198,55300-1m300
0,Remolques y SemiR,0.46085411559175693,55300-1m300
1,Hibridos y Electricos,-0.3672365532664224,55300-1m300
3,Menores,0.5260865086949496,55300-1m300
7,Livianos,-0.3616788596043201,55300-1m300
1,Hibridos y Electricos,-0.3406165014333347,55300-3x100
3,Menores,0.5075181986711008,55300-3x100
3,Remolques y SemiR,0.41977940622473625,55300-3x100
6,Livianos,-0.5302045899836101,55300-3x100
1,Livianos,-0.5091287236108669,55302-51y00
1,Pesados,-0.4044948032843166,55302-51y00
2,Remolques y SemiR,0.4262648189356272,55302-51y00
7,Menores,-0.3040997491110344,55302-51y00
1,Livianos,-0.5006872084068102,55303-51y00
2,Remolques y SemiR,0.40372465512088707,55303-51y00
4,Pesados,0.42673205763917466,55303-51y00
7,Menores,-0.3270246894879464,55303-51y00
0,Hibridos y Electricos,-0.41753534715816076,55310-h9200
0,Pesados,0.430402520841418,55310-h9200
2,Menores,0.6663438598367161,55310-h9200
6,Livianos,-0.5023980004538966,55310-h9200
7,Remolques y SemiR,0.48006723286658703,55310-h9200
4,Menores,0.3872380680317578,5531007100
6,Livianos,-0.38849212551694956,5531007100
6,Pesados,-0.351885014446997,5531007100
5,Livianos,0.4504624667353229,55311-2s000
5,Pesados,0.5023668382034964,55311-2s000
1,Hibridos y Electricos,-0.48439356841764103,56110-25g00
2,Menores,0.5423456872588512,56110-25g00
2,Remolques y SemiR,0.5908349385106894,56110-25g00
6,Livianos,-0.39750103849333984,56110-25g00
0,Pesados,0.39748638737457215,5611076000
7,Livianos,-0.48779163266999653,5611076000
7,Menores,-0.3469060149214222,5611076000
1,Hibridos y Electricos,-0.5392185302273718,56210-0m011
1,Livianos,-0.35382867427650566,56210-0m011
1,Pesados,-0.3961632904375381,56210-0m011
2,Menores,0.36047763611928096,56210-0m011
5,Remolques y SemiR,0.4988666086204814,56210-0m011
5,Livianos,-0.360033642321669,56210-4m400
0,Hibridos y Electricos,-0.4679399065750215,7246302l
1,Pesados,-0.5296938008134754,7246302l
4,Menores,0.6518514431204203,7246302l
4,Remolques y SemiR,0.6511799749460577,7246302l
7,Livianos,-0.567912373939726,7246302l
1,Pesados,-0.5468669364035665,7246302r
4,Menores,0.758379350501198,7246302r
4,Remolques y SemiR,0.6837157310290527,7246302r
6,Hibridos y Electricos,-0.522897266047347,7246302r
7,Livianos,-0.594029100921959,7246302r
1,Remolques y SemiR,0.3265148720866969,822345
6,Livianos,0.30685910195012467,822345
6,Pesados,0.31921635622321615,822345
2,Hibridos y Electricos,-0.36242303021612454,884527
6,Menores,0.3980731816861257,884527
6,Remolques y SemiR,0.4245583090999837,884527
2,Pesados,0.4285138213381484,884530
7,Livianos,0.330908077311754,884530
5,Livianos,0.4503145996777366,884569
2,Pesados,0.36824535947220965,884572
2,Hibridos y Electricos,-0.4849611934240934,884656
4,Menores,0.36452846506326736,884656
4,Remolques y SemiR,0.4784642953170447,884656
2,Remolques y SemiR,0.4479134961480506,884721
5,Hibridos y Electricos,-0.3610452178194561,884721
7,Menores,0.42717246335046627,884721
1,Pesados,-0.5000325479697019,90904863
6,Livianos,-0.3241782053532238,90904863
1,Hibridos y Electricos,-0.4012874937801275,96408735
4,Remolques y SemiR,0.4555801867857211,96408735
5,Menores,0.4705318355507277,96408735
7,Livianos,-0.44982797557300597,96408735
7,Pesados,-0.4424811059752118,96408735
0,Remolques y SemiR,0.3690961897477498,96586885
1,Hibridos y Electricos,-0.3046443073776342,96586885
4,Menores,0.40299627361728535,96586885
7,Livianos,-0.5954934305593242,96586885
7,Pesados,-0.4845169044923241,96586885
0,Remolques y SemiR,0.3497624013460436,96586886
7,Livianos,-0.5687216802738639,96586886
7,Menores,-0.35853531557946317,96586886
7,Pesados,-0.47360937621418875,96586886
2,Hibridos y Electricos,-0.4680159707054044,98015
6,Menores,0.3916871173056649,98015
6,Remolques y SemiR,0.47137920850529613,98015
0,Livianos,0.3581939300701626,98016
1,Menores,-0.3253462698288798,98016
0,Menores,0.5624938191258723,99939
1,Hibridos y Electricos,-0.6050446253277669,99939
6,Remolques y SemiR,0.5316309338540894,99939
7,Livianos,-0.31717715113623124,99939
0,Remolques y SemiR,0.5314299007821115,a-1050
4,Menores,0.5073892973492837,a-1050
4,Pesados,0.3505651837973645,a-1050
5,Hibridos y Electricos,-0.4976796590027699,a-1050
5,Menores,0.3066245064858281,a-1081
5,Pesados,0.3318170769666125,a-1081
5,Livianos,-0.40994438534755656,a-1088
7,Menores,-0.3243072198634996,a-1088
7,Remolques y SemiR,-0.3242797271097246,a-1088
1,Hibridos y Electricos,0.5491901781442224,a-1126-s
4,Menores,-0.3136424579501113,a-1126-s
6,Remolques y SemiR,-0.4190460906085471,a-1126-s
7,Menores,-0.374169687923598,a-1324-s
7,Pesados,-0.31248456560616866,a-1324-s
7,Remolques y SemiR,-0.3362815990246407,a-1324-s
0,Hibridos y Electricos,0.3833495768877702,a-1331-s
0,Pesados,0.3363150077910109,a-1331-s
3,Remolques y SemiR,-0.39323067757182373,a-1331-s
7,Menores,-0.31811808738552294,a-1331-s
0,Menores,0.6092319901120499,a-13530-s
0,Pesados,0.3835317043748821,a-13530-s
2,Remolques y SemiR,-0.3789328246565603,a-13530-s
4,Livianos,-0.39005314087963605,a-13530-s
6,Hibridos y Electricos,0.38076985550089765,a-13530-s
2,Pesados,0.3771589158707489,a-13570
2,Hibridos y Electricos,0.5100092766648949,a-13580-s
4,Menores,-0.3376167919746424,a-13580-s
6,Remolques y SemiR,-0.4348567562962004,a-13580-s
0,Menores,0.6026684491044788,a-1517
0,Remolques y SemiR,0.6274275030858576,a-1517
1,Hibridos y Electricos,-0.5858904980670809,a-1517
5,Pesados,0.3530203346005287,a-1517
7,Livianos,-0.3693398733309311,a-1517
5,Menores,0.35447730129011296,a-17860
5,Pesados,0.3879728520277629,a-17860
7,Livianos,-0.3412842754395818,a-17860
0,Menores,0.3498788263032981,a-1840-s
6,Livianos,-0.3376742046485925,a-1840-s
1,Menores,0.3005551587089218,a-1841-s
4,Pesados,-0.3419584083011729,a-1841-s
0,Menores,0.5874467009135629,a-1864
0,Remolques y SemiR,0.6076395333022657,a-1864
1,Hibridos y Electricos,-0.5535632534098642,a-1864
2,Menores,0.5075217401099016,a-1880
3,Hibridos y Electricos,-0.5527916459762563,a-1880
4,Remolques y SemiR,0.6577023412693559,a-1880
7,Livianos,-0.5460120743316974,a-1880
7,Pesados,-0.35229288149553245,a-1880
0,Livianos,0.32757341957610114,a-22380-s
2,Menores,0.38327228232719207,a-22380-s
7,Pesados,-0.37648027802146145,a-22380-s
2,Livianos,0.37566375725587453,a-2405-s
2,Menores,0.48736153785188,a-2405-s
2,Pesados,0.5631507468430863,a-2405-s
2,Remolques y SemiR,0.3330871937571226,a-2405-s
3,Hibridos y Electricos,-0.33107462706469803,a-2405-s
0,Pesados,0.47559548999859963,a-2709-s
1,Remolques y SemiR,-0.5306965047635261,a-2709-s
5,Hibridos y Electricos,0.5499797328977973,a-2709-s
7,Menores,-0.30560991702470397,a-2709-s
1,Livianos,-0.4385736547474731,a-28530
2,Menores,0.5025408806672486,a-28550
0,Pesados,0.4323831642131796,a-28640
1,Hibridos y Electricos,-0.44296078697162866,a-28640
2,Remolques y SemiR,0.4220507669783359,a-28640
3,Menores,0.4745027894092245,a-28640
5,Menores,0.42005611250412533,a-28650
6,Livianos,-0.3009988893821757,a-28650
2,Menores,0.5606138333916065,a-28690
3,Remolques y SemiR,0.6056312045585925,a-28690
4,Hibridos y Electricos,-0.6457970283003396,a-28690
7,Livianos,-0.3218568753811443,a-28690
7,Pesados,-0.32890223466022517,a-28690
3,Hibridos y Electricos,0.3116304398821229,a-2935
4,Remolques y SemiR,-0.33046786612947177,a-2935
4,Menores,0.36020939038814215,a-33410
5,Hibridos y Electricos,-0.3158811862363658,a-33410
5,Livianos,-0.3032715841689926,a-33410
7,Pesados,-0.3758106989999824,a-33410
1,Remolques y SemiR,-0.33994384893786833,a-33411
1,Remolques y SemiR,-0.3167061603652643,a-33740
7,Hibridos y Electricos,0.3794182945122527,a-33740
0,Menores,0.4913345274590598,a-38050-s
0,Remolques y SemiR,0.3906610524434481,a-38050-s
3,Remolques y SemiR,-0.36551080131382685,a-42610
4,Hibridos y Electricos,0.3015771705676519,a-42610
5,Livianos,-0.41324045883769434,a-42610
5,Pesados,-0.449857446545912,a-42610
2,Livianos,-0.32462634255832323,a-5025-s
7,Pesados,0.3767097856137734,a-5025-s
0,Hibridos y Electricos,0.35989183790983376,a-5107-s
2,Remolques y SemiR,-0.37303528387208956,a-5107-s
7,Livianos,0.31407977659091374,a-5107-s
3,Pesados,0.42134397468376783,a-5330-s
0,Livianos,0.33593064807370754,a-5331-s
0,Pesados,0.31493953433357047,a-5331-s
2,Remolques y SemiR,-0.4235262890497633,a-5331-s
4,Menores,-0.31654669773332544,a-5331-s
6,Hibridos y Electricos,0.4144540068961948,a-5331-s
6,Pesados,0.31435453589469237,a-5444-s
0,Remolques y SemiR,0.34963071555781267,a-5507-s
4,Pesados,-0.3303037873995768,a-5549-s
7,Menores,0.3647091816089547,a-5549-s
7,Remolques y SemiR,0.3083040164204658,a-5549-s
2,Pesados,0.32894669731223786,a-5558-s
7,Livianos,0.3880855520167444,a-5558-s
1,Pesados,0.3338344886952576,a-5570-s
4,Livianos,-0.44068725537262815,a-5573-s
6,Pesados,-0.31070548192507597,a-5573-s
0,Livianos,-0.3314409212192919,a-5654-s
1,Menores,0.650623251502272,a-5654-s
2,Remolques y SemiR,0.46011703080499217,a-5654-s
6,Hibridos y Electricos,-0.3191641947429564,a-5654-s
0,Pesados,0.30587260389568616,a-57270-s
4,Hibridos y Electricos,-0.34585057787796675,a-57270-s
6,Menores,0.43230666864414385,a-57270-s
6,Remolques y SemiR,0.47169800480929897,a-57270-s
7,Livianos,-0.385808934515854,a-57270-s
1,Hibridos y Electricos,-0.5617167765340516,a-5801
3,Menores,0.5571542932551172,a-5801
4,Remolques y SemiR,0.670076113855092,a-5801
7,Livianos,-0.3804523750241388,a-5801
0,Hibridos y Electricos,-0.300300515461147,a-5801-s
5,Menores,0.3944446853493288,a-5801-s
5,Remolques y SemiR,0.4634169807851388,a-5801-s
0,Livianos,0.5286640872302559,a-58370
1,Menores,-0.32724378532466203,a-58370
1,Pesados,-0.3615554096791349,a-58370
0,Remolques y SemiR,0.3027567104615241,a-5903
3,Menores,0.4484333884380706,a-5903
7,Livianos,-0.41949905292796386,a-5903
7,Pesados,-0.45520542243346807,a-5903
0,Pesados,0.36790146763198067,a-6020m
7,Menores,-0.3307852432987888,a-6038-s
7,Pesados,-0.3451352090743729,a-6038-s
2,Pesados,0.3146685733386431,a-6117-s
7,Livianos,-0.4085965219158545,a-6118-s
7,Menores,-0.6101296279646654,a-6118-s
7,Pesados,-0.5308704997232313,a-6118-s
7,Remolques y SemiR,-0.5142727598868153,a-6118-s
0,Livianos,0.32273889974240644,a-6121m-s
0,Menores,0.3420999611739623,a-6121m-s
4,Pesados,-0.35732273932004843,a-6121m-s
3,Menores,0.4054524213223948,a-61440
3,Remolques y SemiR,0.5254230966272372,a-61440
6,Hibridos y Electricos,-0.5154697411490686,a-61440
6,Livianos,-0.3269436293386674,a-6207-s
1,Menores,0.3808056229063634,a-6304-s
2,Livianos,-0.34536479343509263,a-6304-s
7,Remolques y SemiR,0.3243888505089367,a-6304-s
1,Livianos,0.35901830638489246,a-6709-s
4,Menores,-0.4083077513698363,a-6709-s
4,Remolques y SemiR,-0.3796714406722966,a-6709-s
5,Hibridos y Electricos,0.3519037395366927,a-6709-s
0,Menores,0.5475759072308614,a-6832-s
1,Hibridos y Electricos,-0.48310325753133454,a-6832-s
3,Livianos,-0.3778544332530717,a-6832-s
6,Pesados,0.31829601517205686,a-6832-s
6,Remolques y SemiR,0.6676912849911855,a-6832-s
1,Remolques y SemiR,0.3726463868836189,a-7101-s
5,Menores,0.3594474274921425,a-7101-s
1,Hibridos y Electricos,-0.41723163286657977,a-71130-s
1,Menores,0.48449709750082226,a-71130-s
7,Remolques y SemiR,0.5065143319249796,a-71130-s
0,Menores,0.3127375671457716,a-7122-s
6,Livianos,-0.42551913481154485,a-7122-s
0,Hibridos y Electricos,-0.6610616110502845,a-7124
2,Remolques y SemiR,0.703369469262618,a-7124
4,Menores,0.6778000482421866,a-7124
4,Pesados,0.3154092035138418,a-7124
7,Livianos,-0.45257741348508196,a-7124
4,Menores,-0.4265351261527402,a-71260-s
3,Remolques y SemiR,0.3220887414995761,a-71420-s
5,Menores,0.38328208508652356,a-71420-s
0,Hibridos y Electricos,0.5735171958466394,a-76530-s
0,Remolques y SemiR,-0.550107145121626,a-76530-s
4,Menores,-0.41826745930241943,a-76530-s
5,Livianos,-0.3238793785220896,a-76530-s
1,Remolques y SemiR,0.34862918970810924,a-7980
3,Pesados,-0.41245752823680326,a-7980
7,Menores,0.3562698123106125,a-7980
2,Livianos,-0.33186806774730265,a-83100-s
2,Remolques y SemiR,-0.3951615986497302,a-83100-s
3,Hibridos y Electricos,0.39054546146972974,a-83100-s
3,Remolques y SemiR,-0.6003164451650753,a-8506-s
4,Hibridos y Electricos,0.5466105699581495,a-8506-s
4,Menores,-0.37483976003836356,a-8506-s
2,Pesados,0.45975920367466516,a-8513
0,Hibridos y Electricos,0.6098811854918322,a-8553-s
0,Pesados,0.4178770386490709,a-8553-s
4,Livianos,-0.37811052807911794,a-8553-s
4,Menores,-0.44085553793820476,a-8553-s
4,Remolques y SemiR,-0.5024495191070603,a-8553-s
0,Hibridos y Electricos,0.5194428873017952,a-8577-s
2,Remolques y SemiR,-0.5020342214592121,a-8577-s
3,Livianos,-0.37001076712398046,a-8577-s
3,Menores,-0.4273027648667918,a-8577-s
3,Remolques y SemiR,-0.31525009911851926,a-8602-s
7,Livianos,0.41888828577805765,a-8604-s
0,Hibridos y Electricos,0.38922229092394545,a-8672-s
6,Menores,-0.3373834357768097,a-8672-s
7,Remolques y SemiR,-0.36119441152776666,a-8672-s
1,Livianos,-0.3332604041172942,ac-7901
0,Remolques y SemiR,0.4705920970393878,adex3h
3,Hibridos y Electricos,-0.45908507216430267,adex3h
3,Menores,0.41659010863983453,adex3h
7,Livianos,-0.4323376118161208,adex3h
7,Pesados,-0.3606189802226179,adex3h
6,Livianos,0.6147679062267496,af6210/fh
6,Menores,0.5267842965150464,af6210/fh
7,Hibridos y Electricos,-0.38125496145742044,af6210/fh
7,Pesados,-0.34140089724584516,af6210/fh
7,Remolques y SemiR,-0.43113930055288346,af6210/fh
1,Hibridos y Electricos,-0.4768538797862855,af9033mv
1,Pesados,-0.5522626617080737,af9033mv
2,Livianos,0.37789201844052944,af9033mv
6,Remolques y SemiR,0.5394162540115336,af9033mv
7,Menores,0.3670845872717324,af9033mv
0,Pesados,-0.3991145598589525,afc11100/1f
1,Menores,-0.3560688685417044,afc11100/1f
5,Livianos,0.3742599421199456,as-1024-s
4,Livianos,0.5429055339500576,as-1825
3,Livianos,-0.36157829275999154,as-5628-s
1,Hibridos y Electricos,0.30210190539692294,as-6905-s
1,Menores,0.3117505449439632,as-6905-s
2,Livianos,-0.3634393770661833,as-6905-s
4,Remolques y SemiR,-0.37495950011277945,as-6905-s
6,Pesados,0.3437426008928769,as-6905-s
0,Pesados,0.4093714043731158,as-7805-s
3,Remolques y SemiR,-0.4139253790033143,as-7805-s
4,Livianos,-0.45498527069202394,as-7805-s
6,Hibridos y Electricos,0.4306490798919236,as-7805-s
0,Pesados,-0.43380267958711455,ato-001
5,Livianos,0.4019853955346877,ato-001
3,Livianos,0.5375452524296196,ato-002
4,Livianos,0.39352762649436723,b10300025
7,Menores,0.33794813925912576,b10300025
1,Livianos,0.41335389879340334,b10300100
7,Menores,0.3795690150977372,b10300100
1,Menores,-0.4943133141553524,b20500100
3,Remolques y SemiR,-0.43955707467764105,b20500100
6,Hibridos y Electricos,0.34577832513946066,b20500100
6,Livianos,0.3828293516144669,b20500100
1,Remolques y SemiR,-0.3593626763954689,bdd020
2,Pesados,-0.30651071071618147,bdd020
4,Menores,-0.36130450247697876,bdd020
4,Menores,-0.3343166620988918,bdd021
4,Remolques y SemiR,-0.33675377886261065,bdd021
7,Livianos,0.3141639698221822,bdd021
7,Pesados,0.3151309287251453,bdd021
1,Livianos,-0.30015161741181295,bdd031
3,Hibridos y Electricos,0.47108057041438545,bdd031
6,Remolques y SemiR,-0.43275696499351163,bdd031
7,Menores,-0.3787158584487868,bdd031
4,Pesados,0.33053203530112074,bto003
7,Livianos,-0.36268778868301066,bto003
3,Menores,0.43649749159670775,by-001
3,Remolques y SemiR,0.3812419995733475,by-001
7,Livianos,-0.6014462625358123,by-001
7,Pesados,-0.40131410264181255,by-001
4,Menores,0.3211544773914237,c-1007
0,Menores,0.6692567877848403,c-1008
0,Pesados,0.44267774994572645,c-1008
1,Livianos,-0.3829021552984091,c-1008
2,Remolques y SemiR,0.4288184332878959,c-1008
7,Hibridos y Electricos,-0.37832968398664707,c-1008
1,Remolques y SemiR,-0.3781510182239149,c-1011
3,Livianos,-0.31513954939653643,c-1011
3,Menores,-0.32006272976587125,c-1011
5,Hibridos y Electricos,0.33272639606606413,c-1011
3,Remolques y SemiR,0.31661656490305384,c-1013
4,Menores,0.39623663024280126,c-1013
5,Hibridos y Electricos,-0.33428842890079946,c-1013
1,Remolques y SemiR,-0.5679192497235788,c-1109
4,Hibridos y Electricos,0.5532527922151779,c-1109
5,Menores,-0.37672551652103886,c-1109
1,Livianos,-0.30693385768041714,c-1110
1,Pesados,-0.30843513628970853,c-1110
1,Remolques y SemiR,-0.3560356510370369,c-1110
2,Hibridos y Electricos,0.30191563283391404,c-1110
4,Pesados,-0.35239024955331893,c-1121
5,Menores,0.3206191299982269,c-1121
6,Livianos,-0.42500545725766575,c-1121
0,Livianos,-0.5594320611965459,c-1122
0,Remolques y SemiR,-0.3383613563456569,c-1122
2,Menores,-0.31918027291685236,c-1122
4,Pesados,0.6205691042694105,c-1122
6,Hibridos y Electricos,0.6523406841033712,c-1122
0,Pesados,0.31717385191842784,c-1142
4,Livianos,0.33720271742565827,c-1142
4,Remolques y SemiR,-0.314644829718307,c-1147
6,Menores,-0.322405616446072,c-1147
4,Hibridos y Electricos,0.3526274997261767,c-1160
7,Remolques y SemiR,-0.32954123326625734,c-1160
1,Hibridos y Electricos,0.3468845269378764,c-1302
0,Pesados,0.3599073240946467,c-1305
1,Livianos,-0.3344542347074042,c-1305
7,Menores,-0.3899698537666296,c-1305
6,Hibridos y Electricos,0.3267807243321029,c-1314
0,Menores,0.4861971850815493,c-1318
1,Livianos,-0.42232045873008184,c-1318
2,Remolques y SemiR,0.3881360637643666,c-1318
6,Hibridos y Electricos,-0.31133189369170206,c-1318
0,Menores,0.5126285493639957,c-1511
1,Livianos,-0.3156825609730234,c-1515
1,Remolques y SemiR,-0.3349434318929408,c-1515
0,Pesados,0.3778872461349575,c-1533
1,Menores,-0.4767054501321388,c-1533
1,Remolques y SemiR,-0.44850224889359797,c-1533
3,Hibridos y Electricos,0.4713451642331844,c-1533
2,Hibridos y Electricos,0.406922762805363,c-1534
4,Remolques y SemiR,-0.3805449768653202,c-1534
7,Livianos,0.3047537738257044,c-1534
7,Pesados,0.3210118531920466,c-1534
7,Livianos,-0.386179112210457,c-1717
0,Livianos,0.41702835566869045,c-1809
2,Pesados,0.37125380733416546,c-1809
2,Remolques y SemiR,0.33436849396799856,c-1823
3,Livianos,0.3453310440267203,c-1823
0,Hibridos y Electricos,0.3100222013710569,c-1922
3,Livianos,-0.39567569096912675,c-1922
3,Menores,0.42623939323860865,c-20500
3,Remolques y SemiR,0.4834058356928474,c-20500
4,Hibridos y Electricos,-0.4336971497196436,c-20500
7,Livianos,-0.31243434038869144,c-20500
0,Livianos,0.3012868191003744,c-2105
0,Menores,0.44389963468073856,c-2505
2,Remolques y SemiR,0.32004974172431144,c-2505
0,Livianos,-0.33787454731189326,c-271340
3,Remolques y SemiR,0.3109826726473508,c-271340
2,Pesados,0.4263559223945111,c-2906
5,Livianos,-0.33193786824495586,c-2906
2,Pesados,0.3608155902065909,c-38090
4,Menores,0.34082817755502237,c-38090
1,Menores,0.34437239102133266,c-5106
2,Hibridos y Electricos,0.4004262539458028,c-5106
2,Remolques y SemiR,-0.45321340306099595,c-5106
4,Livianos,-0.4586826823893099,c-5106
0,Hibridos y Electricos,0.30275913968810875,c-5706
1,Remolques y SemiR,-0.3006200734256239,c-5706
6,Livianos,-0.3308022970410035,c-5706
6,Menores,-0.314919750386863,c-5706
0,Livianos,0.32226333446302025,c-5710
6,Menores,0.32485768349398547,c-5710
6,Remolques y SemiR,0.3733185060429047,c-5710
7,Hibridos y Electricos,-0.38206049648310614,c-5710
0,Menores,0.3178043105106663,c-5816
0,Remolques y SemiR,0.342102748949885,c-5816
4,Menores,0.3699175160937065,c-58270
6,Livianos,-0.4349039383642679,c-58270
6,Pesados,-0.34433551079529673,c-58270
0,Livianos,0.4429167053249837,c-6214
0,Pesados,0.3441469044881372,c-6214
3,Livianos,-0.4201760623262009,c-65400
3,Menores,-0.3532650752591284,c-65400
3,Pesados,-0.34313369131476223,c-65400
4,Hibridos y Electricos,0.4062782059881525,c-65400
6,Remolques y SemiR,-0.35602503739152824,c-65400
2,Pesados,0.4685704335424068,c-6805
3,Livianos,-0.31738709311965996,c-6805
4,Menores,0.3598755618227827,c-6805
3,Livianos,-0.3987826471298767,c-71060
4,Menores,0.5000522240267782,c-71060
4,Remolques y SemiR,0.4636929842218108,c-71060
1,Pesados,-0.3074282450955637,c-7971
0,Remolques y SemiR,0.42956558788274773,c001
4,Menores,0.46702563774034794,c001
7,Hibridos y Electricos,-0.37850930317477505,c001
7,Livianos,-0.5761984064548483,c001
7,Pesados,-0.4657822335267202,c001
5,Hibridos y Electricos,0.37486817127597544,ca-10150
7,Menores,-0.3218729363151189,ca-10150
3,Pesados,0.31065470458699423,ca-1112
0,Hibridos y Electricos,0.5838975307407468,ca-11380
1,Remolques y SemiR,-0.4649804763089629,ca-11380
3,Menores,-0.3650228221628529,ca-11380
4,Menores,-0.5746663943811008,ca-18120
4,Remolques y SemiR,-0.5165794591937041,ca-18120
5,Hibridos y Electricos,0.6082064409418548,ca-18120
0,Hibridos y Electricos,0.6657524068195265,cdx-019a
1,Menores,-0.6991289653483429,cdx-019a
1,Remolques y SemiR,-0.6801972219313707,cdx-019a
0,Menores,0.3547920266816453,cf-1651
1,Menores,0.4547339275914082,cf-1652
1,Remolques y SemiR,0.46337302966928545,cf-1652
2,Hibridos y Electricos,-0.46648663080022207,cf-1652
0,Remolques y SemiR,0.36768259058911673,cf-2135
1,Menores,0.44958377872467403,cf-2135
2,Livianos,-0.3162820262065711,cf-2135
2,Menores,0.33636067423722,cf-2631
2,Pesados,0.391838240174141,cf-2631
4,Menores,0.3459506547634546,cf-300/1
3,Hibridos y Electricos,0.3199322481591964,cf-400/1
3,Menores,-0.37735942431331815,cf-400/1
4,Remolques y SemiR,-0.40195547657121516,cf-400/1
3,Remolques y SemiR,0.5358917513123106,cf-500/1
5,Menores,0.49277312881140767,cf-500/1
6,Hibridos y Electricos,-0.47914389990098477,cf-500/1
0,Hibridos y Electricos,0.4640074787752665,cf-600/1
2,Livianos,-0.44069850537900745,cf-600/1
2,Remolques y SemiR,-0.4566910613383271,cf-600/1
0,Remolques y SemiR,0.4356354444243718,ch001
1,Hibridos y Electricos,-0.42025962408863643,ch001
4,Menores,0.4599353883605405,ch001
7,Livianos,-0.3640858925207683,ch001
7,Pesados,-0.45829712486885693,ch001
0,Menores,0.5566226787206618,ch002
1,Hibridos y Electricos,-0.44701845922203,ch002
4,Remolques y SemiR,0.45324907168560097,ch002
7,Livianos,-0.39386615463678154,ch002
7,Remolques y SemiR,-0.3145492236304413,ch008
0,Remolques y SemiR,0.48016753475282326,ch010
1,Menores,0.36281061805284326,ch010
2,Hibridos y Electricos,-0.4431948984161693,ch010
0,Hibridos y Electricos,0.3484654650345019,cp-23210
3,Livianos,-0.3154855512593002,cp-23210
0,Livianos,0.5922925947553427,ct-011u
1,Menores,-0.4397906608643422,ct-011u
1,Pesados,-0.5132891809019996,ct-011u
5,Remolques y SemiR,0.3350017116734236,ct-011u
7,Hibridos y Electricos,-0.3831232128476042,ct-011u
5,Livianos,0.5164763165300675,ctx-062
6,Pesados,-0.4917236923227694,ctx-062
1,Menores,-0.3908842045512093,ctx-064
5,Livianos,0.5004269999810378,ctx-064
6,Pesados,-0.31942119810162745,ctx-064
1,Livianos,0.39541463053223974,ctx-071
1,Livianos,-0.3229388916903416,ctx-115a
1,Menores,-0.6277367377175391,ctx-115a
1,Remolques y SemiR,-0.4506101502996043,ctx-115a
5,Hibridos y Electricos,0.42826916487445277,ctx-115a
1,Livianos,-0.3193072240453651,ctx-170a
1,Menores,-0.3140764220906857,ctx-170a
0,Remolques y SemiR,-0.49161453281463524,ctx-170z
4,Menores,-0.5105347425754624,ctx-170z
7,Hibridos y Electricos,0.5822307566669409,ctx-170z
0,Remolques y SemiR,0.32053984295561616,d001
2,Menores,0.5139574687189417,d003
3,Remolques y SemiR,0.5051747496734749,d003
5,Hibridos y Electricos,-0.5133365128581018,d003
5,Livianos,-0.33189557664683594,d003
7,Pesados,-0.30772475809175176,d003
0,Livianos,0.30658802823777476,d004
0,Menores,0.5337833698444321,d004
3,Hibridos y Electricos,-0.5465545769170247,d004
3,Remolques y SemiR,0.5824770040075168,d004
0,Remolques y SemiR,0.3361843827266394,dg001
1,Pesados,-0.3024041180601904,dg001
0,Livianos,0.30725399453235347,di1540ci025
5,Hibridos y Electricos,-0.368537210285621,di1540ci025
5,Menores,0.5624455684574219,di1540ci100
5,Remolques y SemiR,0.5110571466453908,di1540ci100
7,Hibridos y Electricos,-0.568220942297472,di1540ci100
3,Menores,0.3586303204603078,di1540ci500
3,Remolques y SemiR,0.384977332970544,di1540ci500
6,Hibridos y Electricos,-0.47787660626334905,di1540ci500
0,Hibridos y Electricos,-0.4931608071947264,di1540ci5500
3,Remolques y SemiR,0.5226204488711675,di1540ci5500
4,Menores,0.526767836726576,di1540ci5500
0,Menores,0.33360451575257266,dt-036v
4,Livianos,-0.3289331772235855,dt-036v
6,Pesados,0.37307595782218095,dt-036v
0,Livianos,0.4091982736875528,dt-064
0,Pesados,0.33506707501928745,dt-064
1,Hibridos y Electricos,-0.40250725859187214,dt-064
2,Remolques y SemiR,0.3924482765932583,dt-064
6,Menores,0.4586940892754282,dt-064
3,Livianos,0.37418654321861267,dt-072
3,Menores,0.360420000903311,dt-072
5,Hibridos y Electricos,-0.3977504262212947,dt-072
6,Remolques y SemiR,0.3471137440651979,dt-072
3,Pesados,0.3191959692730067,dt-100v
1,Remolques y SemiR,-0.44490761049705496,dt-123v
5,Hibridos y Electricos,0.5090446790980603,dt-123v
7,Menores,-0.3726920629981222,dt-123v
2,Livianos,-0.3437991858235585,dt-611u
3,Pesados,0.42198778101615403,dt-611u
1,Pesados,0.3685555464379726,dt-625
5,Hibridos y Electricos,-0.5181691344715749,dt-625
5,Livianos,-0.31576087561883326,dt-625
5,Remolques y SemiR,0.4293819718930135,dt-625
6,Menores,0.4825552147113321,dt-625
5,Livianos,0.47660941185409017,dt-628
1,Menores,0.34578064838866424,dt155/70r12
2,Livianos,-0.5449370169921496,dt5.00r12lt
2,Pesados,-0.35600973467215613,dt5.00r12lt
0,Hibridos y Electricos,0.4511991408060773,dt5.50r13lt
2,Livianos,-0.500742855184818,dt5.50r13lt
2,Menores,-0.37046299684012507,dt5.50r13lt
4,Pesados,-0.3162288622191259,dt5.50r13lt
4,Remolques y SemiR,-0.4252006760471495,dt5.50r13lt
6,Livianos,-0.4428250610141597,dttmlt265/65r17
7,Pesados,0.3881294393062988,dttmlt265/65r17
0,Hibridos y Electricos,-0.3978617290015521,dttmlt265/70r17
0,Menores,0.3279152135199718,dttmlt265/70r17
3,Livianos,-0.31883309707611784,dttmlt265/70r17
5,Pesados,0.34767893652010373,dttmlt265/70r17
6,Remolques y SemiR,0.4869710592701625,dttmlt265/70r17
0,Livianos,0.32823056169790166,dtx-116
1,Pesados,0.31022943179607365,dtx-116
1,Menores,-0.5568379984204566,dtx-146
1,Remolques y SemiR,-0.4413335944422443,dtx-146
2,Livianos,-0.3371363179525919,dtx-146
3,Hibridos y Electricos,0.41778700684759607,dtx-146
3,Pesados,0.36523928419078905,dtx-146
1,Hibridos y Electricos,0.4033242421866066,dtx-197
2,Pesados,-0.3086270467483517,dtx-197
4,Menores,-0.4183677456356547,dtx-197
4,Remolques y SemiR,-0.4299094711045811,dtx-197
1,Remolques y SemiR,-0.3107688942821205,dtx-232a
2,Hibridos y Electricos,0.39106010676890707,dtx-232a
3,Livianos,0.35759112655878084,e6210-9km0a
6,Menores,-0.3247363883814557,e6210-9km0a
6,Remolques y SemiR,-0.31996950138962255,e6210-9km0a
2,Livianos,0.3380060024608206,ef-1002
2,Menores,0.5470733824154103,ef-1002
2,Remolques y SemiR,0.3379303558024881,ef-1002
3,Hibridos y Electricos,-0.4451561695803866,ef-1002
1,Hibridos y Electricos,0.3079179777699897,ef-1003
6,Menores,-0.3142283826981665,ef-1003
3,Livianos,-0.38201078815713735,ef-10080
4,Hibridos y Electricos,0.36127496742825643,ef-10080
2,Menores,0.303237718602635,ef-1112
0,Hibridos y Electricos,0.5111360367195478,ef-13021
1,Remolques y SemiR,-0.3772476120849915,ef-13021
3,Livianos,-0.3112043990197059,ef-13021
5,Menores,-0.31602538446788886,ef-13021
0,Menores,0.43738890319201434,ef-13070
0,Pesados,0.31835092129576653,ef-13070
0,Pesados,0.3350473427229892,ef-1509
1,Menores,-0.3807896875598279,ef-1509
1,Remolques y SemiR,-0.3679270727351586,ef-1509
3,Hibridos y Electricos,0.3636081287040142,ef-1802
1,Menores,-0.45873640424195916,ef-26070
1,Remolques y SemiR,-0.31578124046001793,ef-26070
4,Pesados,0.45199820313790834,ef-26070
6,Hibridos y Electricos,0.30463777681265203,ef-26070
2,Livianos,0.31705892023401683,ef-2634
1,Menores,-0.34342893347698417,ef-2636
1,Remolques y SemiR,-0.33903918026784924,ef-2636
2,Pesados,0.34172006504332925,ef-2636
3,Hibridos y Electricos,0.3794681537782546,ef-31090
6,Remolques y SemiR,-0.4722535269948578,ef-31090
7,Menores,-0.5219943592670978,ef-31090
0,Hibridos y Electricos,0.3947650469914666,ef-5102
5,Remolques y SemiR,-0.3860852916138586,ef-5102
7,Livianos,0.4069661348128869,ef-5102
0,Pesados,-0.5331752817360785,ef-65030-s
6,Hibridos y Electricos,-0.4207363298136862,efg-1002
7,Menores,0.47884981704580004,efg-1002
7,Pesados,0.349737768604771,efg-1002
7,Remolques y SemiR,0.5850590014427689,efg-1002
1,Remolques y SemiR,-0.4040258154311862,efg-15010
2,Hibridos y Electricos,0.41993792181040795,eo-11050
5,Menores,-0.3673779115459382,eo-11050
5,Remolques y SemiR,-0.4850581528194616,eo-11050
2,Livianos,-0.4412311747544342,eo-13070
3,Pesados,0.3556896396215666,eo-13070
4,Hibridos y Electricos,0.4474141775637594,eo-13070
4,Remolques y SemiR,-0.43288665344180854,eo-13070
6,Menores,-0.3511768518376722,eo-13070
0,Menores,0.30250848937078706,eo-1501
0,Remolques y SemiR,0.31344983222933415,eo-1501
0,Livianos,0.3428508084915191,eo-17030
6,Menores,0.5555430571883199,eo-17030
6,Pesados,0.4378425221031389,eo-17030
6,Remolques y SemiR,0.3797876056857131,eo-17030
7,Hibridos y Electricos,-0.33983751371701404,eo-17030
5,Pesados,-0.369047031906159,eo-2404
2,Pesados,0.38238555473774377,eo-2623
5,Livianos,0.3703732030841537,eo-2623
5,Pesados,-0.34537200152929703,eo-2624
6,Menores,0.4735301527647882,eo-2624
6,Remolques y SemiR,0.4379277505854567,eo-2624
7,Hibridos y Electricos,-0.37501094454182493,eo-2624
0,Livianos,0.4124718655548792,eo-2626
0,Pesados,0.3221296574537794,eo-2626
5,Menores,0.3517954277311606,eo-31110
1,Livianos,0.34813625377964524,eo-65120
3,Pesados,0.44576940759609734,eo-65120
7,Menores,-0.3284965530502993,eo-65120
7,Remolques y SemiR,-0.4031127460648093,eo-65120
0,Menores,0.319307719577604,ety001
1,Hibridos y Electricos,-0.3633774104939842,ety001
2,Pesados,-0.46180005741688446,ety001
5,Remolques y SemiR,0.42174015195276465,ety001
0,Pesados,0.3129486798599129,f-1111
6,Livianos,-0.36242031760319315,f-11112
6,Pesados,-0.359557792352628,f-11112
1,Remolques y SemiR,-0.3415082533856127,f-11140
4,Hibridos y Electricos,0.4199835687936123,f-11140
4,Menores,-0.3298660257572382,f-11140
1,Remolques y SemiR,-0.35283172744751007,f-11141
2,Hibridos y Electricos,0.3397194755327478,f-11141
4,Menores,0.31451964062463655,f-11141
4,Pesados,0.4210884929313247,f-11141
5,Livianos,-0.4508368025275496,f-11141
0,Menores,0.3637999260214018,f-1306
0,Remolques y SemiR,0.41341078792106045,f-1306
7,Hibridos y Electricos,-0.3368406340953011,f-1306
6,Menores,-0.3624062127838395,f-1507
5,Menores,0.46892736601462515,f-17011
5,Pesados,0.47864555188135816,f-17011
5,Remolques y SemiR,0.45815164331156594,f-17011
5,Menores,-0.5051579734422126,fc-1001
5,Pesados,-0.3394449362528713,fc-1001
6,Hibridos y Electricos,0.556226796721701,fc-1001
6,Livianos,0.3508638337038718,fc-1001
6,Remolques y SemiR,-0.5476473747785392,fc-1001
1,Pesados,0.3504791793607707,fc-10290
4,Remolques y SemiR,-0.4981405697131463,fc-10290
5,Hibridos y Electricos,0.6060319759132522,fc-10290
1,Hibridos y Electricos,0.5285830711778161,fc-1301
3,Menores,-0.371210925558482,fc-1301
4,Remolques y SemiR,-0.4678320924610742,fc-1301
1,Hibridos y Electricos,-0.48427784952415975,fc-13210
4,Menores,0.48025480134118376,fc-13210
4,Pesados,-0.3005931958945049,fc-13210
5,Remolques y SemiR,0.5651928785163648,fc-13210
7,Livianos,-0.33084149337526936,fc-13210
2,Menores,0.3888594505040432,fc-1702
2,Remolques y SemiR,0.3677347630857273,fc-1702
4,Livianos,0.3139909096085686,fc-1806
5,Pesados,-0.3044816532742143,fc-1806
7,Menores,-0.31086598215209127,fc-1806
1,Menores,-0.31012382356977314,fc-1807
3,Pesados,-0.3237033817161013,fc-1807
4,Livianos,0.3603844304435765,fc-1807
1,Pesados,-0.3617783832185534,fc-1814
0,Hibridos y Electricos,-0.42368925202521934,fc-2205
6,Menores,0.5109778450518113,fc-2205
6,Remolques y SemiR,0.45488401846139875,fc-2205
6,Pesados,0.3005024493337748,fc-2801
0,Menores,-0.44296805766333414,fc-28011
0,Remolques y SemiR,-0.35923466428679446,fc-28011
2,Hibridos y Electricos,0.3135177660973075,fc-28011
0,Menores,0.3108892342028944,fc-55240
1,Livianos,-0.35864579358526044,fc-55240
3,Remolques y SemiR,0.3064178844611779,fc-55240
1,Menores,0.31425210285565597,fc-5723
1,Remolques y SemiR,0.38052208114251956,fc-5723
3,Pesados,-0.31857024317621074,fc-5723
0,Hibridos y Electricos,0.5457165706894551,fs-18290
0,Livianos,0.3106250947018102,fs-18290
3,Menores,-0.4389095413422381,fs-18290
4,Remolques y SemiR,-0.5130145317453434,fs-18290
6,Pesados,-0.4466230635436547,fs-18291
1,Livianos,0.4172082586808116,fs-19130
3,Hibridos y Electricos,-0.4737930343221715,fs-19130
4,Remolques y SemiR,0.3662923622308256,fs-19130
6,Menores,0.4198587204228864,fs-19130
0,Menores,-0.46776539583525595,fs-26150
4,Hibridos y Electricos,0.40048310586381447,fs-26150
4,Remolques y SemiR,-0.41449949438159533,fs-26150
5,Livianos,0.37415233601050407,fs-26150
0,Livianos,0.3557068785007786,fs-4301
4,Menores,-0.30130978825575183,fs-4301
4,Remolques y SemiR,-0.35517223405601783,fs-4301
2,Livianos,0.3368444431417844,g20w50025
5,Hibridos y Electricos,-0.43498435424029147,g20w50100
6,Menores,0.45861047381942344,g20w50100
6,Pesados,0.48864986705743213,g20w50100
6,Remolques y SemiR,0.4887782532432031,g20w50100
2,Pesados,0.33698561818268197,h-12110/2x
7,Livianos,0.32661770422313935,h-12110/2x
0,Menores,0.3464272636949883,h80900025
0,Remolques y SemiR,0.3376001129144648,h80900025
1,Pesados,-0.4139021651035942,h80900025
2,Livianos,0.3354181380506429,h80900025
1,Pesados,0.3600184917014484,hc-7920
1,Pesados,0.41014473933178247,hu-12110x
4,Hibridos y Electricos,-0.32225561862850644,hu-12110x
5,Menores,0.3279046553393029,hu-12110x
7,Remolques y SemiR,0.306771859814709,hu-12110x
5,Menores,0.5649568555218953,hu-12140x
6,Livianos,-0.4157451180501679,hu-12140x
7,Hibridos y Electricos,-0.5380536806998187,hu-12140x
7,Remolques y SemiR,0.4653936776836555,hu-12140x
0,Pesados,0.46269133791266415,hu-931/5x
0,Livianos,0.33893920295931707,hy-009
7,Pesados,-0.3057898052184353,hy-009
3,Menores,0.4394870032144929,hy-011
4,Hibridos y Electricos,-0.45800860144693767,hy-011
5,Remolques y SemiR,0.48813170527275707,hy-011
6,Livianos,-0.36216705603373806,hy-011
7,Livianos,-0.30996811461610324,hy-012
2,Hibridos y Electricos,0.3283287031463861,hy-013
5,Remolques y SemiR,-0.3209824625677044,hy-013
3,Remolques y SemiR,0.38051371876357487,hy-822
4,Menores,0.4332083897173999,hy-822
6,Livianos,-0.3983621889856357,hy-822
7,Hibridos y Electricos,-0.34774345240832366,hy-822
0,Menores,0.5400932654973001,hy003
0,Remolques y SemiR,0.35451197000726475,hy003
1,Hibridos y Electricos,-0.3697286733636561,hy003
1,Hibridos y Electricos,-0.5240489851957826,hy004
1,Pesados,-0.34014851786525124,hy004
2,Menores,0.4939139736152902,hy004
2,Remolques y SemiR,0.4914604937573356,hy004
1,Livianos,-0.3067280267999948,hy008
2,Menores,0.39493943575336643,hy009
7,Pesados,-0.37236800353253413,hy009
0,Hibridos y Electricos,-0.38197296244190154,hy016
1,Remolques y SemiR,0.42830508307485676,hy016
4,Menores,0.4286966506860682,hy016
0,Menores,0.4814969217907963,hy017
0,Remolques y SemiR,0.4536248310670588,hy017
1,Hibridos y Electricos,-0.3332693575981907,hy017
3,Livianos,-0.38116509953238253,hy017
3,Pesados,-0.5644267592798963,hy017
1,Livianos,-0.35792979898185684,hy026
3,Menores,-0.335354696504966,hy026
3,Pesados,-0.4214395047664141,hy026
0,Menores,0.32332408631057646,hy027
7,Livianos,-0.32158731514748934,hy027
7,Pesados,-0.39792300952072673,hy027
0,Remolques y SemiR,0.5544217469582929,hy030
1,Hibridos y Electricos,-0.48670350297534154,hy030
6,Menores,0.5069960471765022,hy030
6,Pesados,0.41235956843200383,hy030
1,Hibridos y Electricos,-0.31628537577063115,hy031
4,Menores,0.45443248858258245,hy031
4,Remolques y SemiR,0.39249129795380344,hy031
7,Livianos,-0.4365227071613683,hy031
7,Pesados,-0.5080440262710366,hy031
4,Pesados,-0.347545371381679,hy032
4,Remolques y SemiR,-0.30957920555492574,hy032
5,Livianos,0.3738958118470753,hy032
0,Menores,0.4250347731686952,hy033
1,Hibridos y Electricos,-0.5101076171060538,hy033
1,Livianos,-0.3144661148953056,hy033
3,Pesados,-0.3491781628583916,hy033
5,Remolques y SemiR,0.5468821353137276,hy033
7,Menores,-0.3598626688091056,hy036
4,Menores,0.44180260764021867,hy038
5,Livianos,-0.39200552225852464,hy038
5,Pesados,-0.3198572963139368,hy038
5,Livianos,-0.3409271648657578,hy039
0,Remolques y SemiR,0.3742182310200423,hy040
2,Menores,0.3611987377646446,hy040
1,Pesados,-0.36646449282094884,hy041
7,Menores,-0.397919703319434,hy041
4,Hibridos y Electricos,0.4176042913829263,hy045
7,Menores,-0.36258056003218175,hy045
7,Remolques y SemiR,-0.4373928371750248,hy045
7,Pesados,-0.35615291297172286,hy046
1,Livianos,0.31792044719349516,hy047
4,Menores,0.4846671809985661,hy047
6,Remolques y SemiR,0.351416722429026,hy047
7,Hibridos y Electricos,-0.49418844359566094,hy047
4,Pesados,-0.3572571334246166,hy049
1,Remolques y SemiR,-0.6928070654949952,icd1950
2,Livianos,-0.5577645898009705,icd1950
2,Menores,-0.4090042000182081,icd1950
4,Hibridos y Electricos,0.6632404524719177,icd1950
6,Pesados,0.5281001328048149,icd1950
0,Menores,0.5203746052857189,icd976
0,Pesados,0.4599355521518109,icd976
0,Menores,0.4742912389907353,k004
1,Hibridos y Electricos,-0.38283183656560155,k004
1,Livianos,-0.40025532491329474,k004
3,Pesados,-0.4186685061787497,k004
5,Remolques y SemiR,0.4757114719144711,k004
0,Pesados,0.3539933817323956,k005
2,Livianos,0.5048472154209959,k005
2,Menores,0.3081415981038021,k005
2,Menores,0.33610610601428015,k006
6,Livianos,0.36011322599236284,k16r-u11
6,Pesados,0.39789759232235367,k16r-u11
3,Hibridos y Electricos,-0.5948153852241275,k16tr11
4,Menores,0.5359915055401299,k16tr11
4,Remolques y SemiR,0.5833006108107289,k16tr11
7,Livianos,-0.40383523717043895,k16tr11
0,Remolques y SemiR,-0.30590610054058964,ki-001
1,Livianos,-0.37851391223959024,ki-001
1,Menores,-0.632059923584471,ki-001
2,Hibridos y Electricos,0.3216137113618862,ki-001
0,Hibridos y Electricos,-0.3345920927938052,kn47001
0,Livianos,-0.3341616565431641,kn47001
1,Remolques y SemiR,0.4584945044063663,kn47001
0,Hibridos y Electricos,-0.3574741237079169,m25600025
7,Remolques y SemiR,0.3044432408455703,m25600025
2,Hibridos y Electricos,-0.5627920693709123,m25600100
3,Livianos,0.38917401270807794,m25600100
4,Menores,0.5335744985793913,m25600100
4,Pesados,0.3205509986480251,m25600100
5,Remolques y SemiR,0.5112269518468311,m25600100
3,Hibridos y Electricos,-0.4134706423493384,mi-002
4,Menores,0.4524002340070357,mi-002
4,Pesados,0.40687623435273185,mi-002
4,Remolques y SemiR,0.42299235982317135,mi-002
7,Livianos,-0.33831439486510295,mi-002
5,Remolques y SemiR,0.31133221938049915,mi-013
6,Hibridos y Electricos,-0.41327015091029795,mi-013
6,Livianos,-0.30203945769294804,mi-013
7,Menores,0.3979156845991258,mi-013
0,Hibridos y Electricos,-0.33371278860875697,mi002
1,Livianos,-0.3559321412502893,mi002
4,Menores,0.5003571459206385,mi002
4,Pesados,0.38480389470556514,mi002
4,Remolques y SemiR,0.46817044149868375,mi002
0,Menores,0.4218956568040021,mi004
1,Hibridos y Electricos,-0.40327358714793715,mi004
1,Remolques y SemiR,0.351279184795252,mi004
7,Livianos,-0.3195841252020744,mi004
2,Remolques y SemiR,0.5022449416711597,mr-992321
4,Menores,0.5523328082765935,mr-992321
6,Hibridos y Electricos,-0.5210707739883128,mr-992321
0,Hibridos y Electricos,0.8663590727320215,mwmwd976
4,Remolques y SemiR,-0.7379405447153482,mwmwd976
6,Menores,-0.7126606760455061,mwmwd976
4,Menores,0.4117746516664631,mz002
4,Remolques y SemiR,0.30283794114239676,mz002
5,Livianos,-0.30669519597928946,mz002
7,Pesados,-0.4244645922436578,mz002
2,Menores,0.6000218600807652,n002
2,Remolques y SemiR,0.6285519351418707,n002
7,Hibridos y Electricos,-0.676247018827075,n002
7,Livianos,-0.5096693320501695,n002
0,Hibridos y Electricos,-0.4806919648243497,n005
0,Menores,0.6575809691723786,n005
6,Remolques y SemiR,0.5544547955182978,n005
7,Livianos,-0.46147510528595614,n005
4,Menores,0.4128963593177134,n006
4,Remolques y SemiR,0.34589167066148113,n006
6,Hibridos y Electricos,-0.37621688804736475,n006
6,Livianos,-0.3928321782854272,n006
0,Livianos,0.30498501318166754,n008
1,Hibridos y Electricos,-0.4561670559447186,n010
4,Menores,0.44211851081892384,n010
4,Remolques y SemiR,0.5345250429306907,n010
7,Livianos,-0.528013503842646,n010
7,Pesados,-0.5175903568301599,n010
7,Livianos,-0.32163596376973863,n013
7,Menores,-0.31142872975278263,n013
7,Pesados,-0.40101795251341193,n013
7,Pesados,-0.37591302251440384,n014
0,Hibridos y Electricos,-0.3312002852567969,n015
4,Menores,0.5011982412775629,n015
4,Remolques y SemiR,0.47926009322971946,n015
7,Livianos,-0.6262255717390725,n015
7,Pesados,-0.4840382976688795,n015
0,Menores,-0.35861489961718374,n016
7,Remolques y SemiR,-0.3875337451185936,n016
0,Pesados,0.32830509952674863,n017
0,Remolques y SemiR,0.41401719111143537,n017
6,Menores,0.49920464913284746,n017
7,Hibridos y Electricos,-0.4044001987205832,n017
4,Menores,0.3398823942687062,n018
0,Pesados,-0.3637584991184839,ni-020
0,Remolques y SemiR,-0.33487391329926347,ni-022f3
1,Livianos,-0.34705931983157856,ni-022f3
2,Menores,-0.3454490484364283,ni-022f3
4,Hibridos y Electricos,0.35478956125397504,ni-022f3
1,Livianos,-0.33156440923318464,ni-032
1,Menores,-0.4708163396772392,ni-049
1,Remolques y SemiR,-0.39321527053471905,ni-049
2,Hibridos y Electricos,0.4377037155033044,ni-049
4,Menores,0.33002563461433043,ni-080
5,Remolques y SemiR,0.31552509901843706,ni-080
0,Remolques y SemiR,0.48812423889533246,novar#1
2,Hibridos y Electricos,-0.4835517551988448,novar#1
6,Menores,0.5161560860383143,novar#1
7,Livianos,-0.31959892388027616,novar#1
7,Pesados,-0.32314914676148826,novar#1
2,Hibridos y Electricos,-0.48914533550726913,op-006
4,Menores,0.4753914656617648,op-006
4,Remolques y SemiR,0.6435060656799612,op-006
7,Livianos,-0.548314421460751,op-006
7,Pesados,-0.32014045216110754,op-006
6,Livianos,-0.31535122720445424,opt-116
3,Livianos,-0.36799426143033687,p00100500
1,Remolques y SemiR,0.3175203725609302,p1540ci500
5,Hibridos y Electricos,-0.32627685850441235,p1540ci500
6,Livianos,0.3207906454852992,p1540ci500
7,Menores,0.3139423407883426,p1540ci500
3,Hibridos y Electricos,-0.3804068979646345,p1540ci5500
4,Menores,0.434763828561471,p1540ci5500
7,Remolques y SemiR,0.3575517042496943,p1540ci5500
0,Hibridos y Electricos,-0.6592484979839378,p2560cf500
4,Menores,0.6234465624363033,p2560cf500
6,Livianos,-0.4368990111748999,p2560cf500
6,Remolques y SemiR,0.6842179532918434,p2560cf500
5,Livianos,-0.3356513903371576,p80900500
5,Pesados,-0.34098376023293525,p80900500
6,Menores,0.5869366688871064,p80900500
6,Remolques y SemiR,0.5155201043058572,p80900500
7,Hibridos y Electricos,-0.5065848783358764,p80900500
0,Menores,0.4614362363325203,p85140500
1,Hibridos y Electricos,-0.4996731800771789,p85140500
1,Livianos,-0.3804187043336732,p85140500
1,Pesados,-0.5088048223486858,p85140500
4,Remolques y SemiR,0.5103875554269203,p85140500
5,Livianos,-0.32516532777874907,paw68a500
5,Pesados,-0.3625083178716323,paw68a500
6,Menores,0.641538457150983,paw68a500
6,Remolques y SemiR,0.6178982094313382,paw68a500
7,Hibridos y Electricos,-0.6273764876511893,paw68a500
0,Livianos,0.358690939893555,paw68a5500
2,Remolques y SemiR,0.42763556731915336,paw68a5500
5,Menores,0.4698404330444829,paw68a5500
7,Hibridos y Electricos,-0.5220245813288895,paw68a5500
4,Menores,0.6390133708694489,paw68r500
4,Remolques y SemiR,0.6433848998781949,paw68r500
6,Hibridos y Electricos,-0.6799686161314346,paw68r500
7,Livianos,-0.4252167414245672,paw68r500
3,Livianos,-0.3150329352894502,pcr5050500
1,Remolques y SemiR,0.40873578419575207,pp05300100
5,Hibridos y Electricos,-0.3292820841746677,pp05300100
5,Menores,0.36571716150103145,pp05300100
6,Livianos,0.3515254124924369,pp05300100
7,Pesados,-0.4484744081566258,pp05300100
0,Pesados,0.42631064998720947,pu-1046/x
4,Hibridos y Electricos,0.49784533939442965,pu-1046/x
4,Remolques y SemiR,-0.48708523430021156,pu-1046/x
0,Hibridos y Electricos,0.37681740540152914,pu-941x
2,Remolques y SemiR,-0.31835991485806103,pu-941x
2,Livianos,0.30397283098868594,r20500025
5,Hibridos y Electricos,-0.4243708644964018,r20500025
3,Livianos,-0.3975559627236023,re001
4,Remolques y SemiR,0.3129322536399202,re001
0,Hibridos y Electricos,-0.5726457413146459,rov2050100
1,Menores,0.504066860217448,rov2050100
2,Pesados,-0.36905245693843336,rov2050100
3,Remolques y SemiR,0.5697098927251246,rov2050100
3,Remolques y SemiR,0.35911341689562554,rovatfd025
4,Hibridos y Electricos,-0.34642714782329376,rovatfd025
5,Livianos,0.33154313699629806,rovatfd025
2,Livianos,0.3649264091255665,rp1030100
2,Menores,0.5488348802241106,rp1030100
2,Remolques y SemiR,0.45529258263737216,rp1030100
4,Hibridos y Electricos,-0.5759669442616447,rp1030100
5,Remolques y SemiR,0.363013642073103,rp2050100
6,Hibridos y Electricos,-0.4953324218479439,rp2050100
6,Menores,0.4695140088082251,rp2050100
1,Pesados,0.44555207763946386,rxfc113640bep
7,Livianos,-0.478764785785914,rxfc113640bep
0,Hibridos y Electricos,-0.9066790934422901,rxfc113641b
2,Pesados,-0.46609696172778486,rxfc113641b
4,Remolques y SemiR,0.8090219208056311,rxfc113641b
6,Menores,0.7386359600391542,rxfc113641b
7,Livianos,-0.41494030672251925,rxfc113641b
3,Menores,0.4887806374445798,rxfc113641bep
3,Pesados,0.5120743890640006,rxfc113641bep
4,Livianos,-0.4299003407228787,rxfc113641bep
3,Menores,0.39633430399150793,rxfc113644bep
3,Pesados,0.48898333968569774,rxfc113644bep
3,Remolques y SemiR,0.3097818038994209,rxfc113644bep
4,Livianos,-0.3764912552347903,rxfc113644bep
2,Pesados,0.3118126294473304,sdhd-519
4,Livianos,0.3181006303766337,sdhd-519
0,Pesados,0.3040459007959469,sf-1307
3,Hibridos y Electricos,0.46427551454275,sf-1307
3,Remolques y SemiR,-0.43819727601682973,sf-1307
2,Hibridos y Electricos,0.34150398231821977,sf-1911-2
4,Menores,-0.41813190852460935,sf-1911-2
6,Remolques y SemiR,-0.3258145363043791,sf-1911-2
0,Hibridos y Electricos,-0.34128938803573294,sfc-1306-30
0,Remolques y SemiR,0.3884838480362381,sfc-1306-30
4,Menores,0.44112608540724646,sfc-1306-30
6,Livianos,-0.37060403574018386,sfc-1306-30
0,Menores,0.5629353754428064,sfc-19140
1,Hibridos y Electricos,-0.531516268599677,sfc-19140
1,Livianos,-0.36618453777088755,sfc-19140
2,Remolques y SemiR,0.5995032383626085,sfc-19140
7,Pesados,0.30805288632129174,sfc-31010-10
0,Livianos,-0.43626013517002027,sfc-5301-10b
5,Pesados,0.42931208966736795,sfc-5301-10b
5,Remolques y SemiR,0.3525808968353321,sfc-5301-10b
0,Livianos,0.3533810558073142,sfc-5304-10
6,Livianos,-0.38874914127012694,sfc-55220
6,Menores,-0.35522079475011165,sfc-55220
6,Pesados,-0.3324076076805144,sfc-55220
0,Remolques y SemiR,0.31714291888584994,sfc-7103-30
3,Menores,0.3348688620372563,sfc-7103-30
5,Hibridos y Electricos,-0.3407878279948548,sfc-7103-30
7,Livianos,-0.342810146420772,sfc-7103-30
4,Livianos,-0.33715848764078193,sfc-7912-30
5,Menores,0.35746666882447553,sfc-7912-30
0,Pesados,0.4441603712592026,sfc-7939-30
1,Livianos,-0.3674507998655907,sk-1043
1,Pesados,-0.51138376794916,sk-1043
6,Menores,0.3782357706397846,sk-1043
6,Remolques y SemiR,0.39119761741668396,sk-1043
4,Menores,0.42479124556542974,sk005
4,Remolques y SemiR,0.44769771772350947,sk005
7,Hibridos y Electricos,-0.3578897010475391,sk005
7,Livianos,-0.4179012168989192,sk005
7,Pesados,-0.5728475063604417,sk005
2,Livianos,0.30744619206567403,sk006
3,Pesados,-0.3374556534958614,sk008
4,Livianos,0.3330877904229334,sk008
4,Menores,0.32125814123322277,sk008
7,Hibridos y Electricos,-0.40559996903174184,sk008
7,Livianos,-0.3245396445464461,sk009
7,Menores,-0.3447381109039963,sk009
7,Pesados,-0.3116124619229467,sk009
7,Menores,-0.3350968071568652,sk016
7,Pesados,-0.33993933063853854,sk016
7,Remolques y SemiR,-0.3020470028584087,sk016
0,Hibridos y Electricos,0.30612314794706,srb-128
1,Remolques y SemiR,0.3267508674214885,srb-156
2,Livianos,-0.32086424158669996,srb-156
0,Livianos,0.3563862032323624,srto007
0,Pesados,0.36139932203598646,srto007
0,Menores,0.6071015418771265,t002
0,Remolques y SemiR,0.5695400158479005,t002
7,Hibridos y Electricos,-0.5194526402502551,t002
7,Livianos,-0.4056304756527571,t002
7,Pesados,-0.31196116017076836,t002
0,Menores,0.5672995852594378,t003
1,Livianos,-0.44357563747585005,t003
6,Pesados,0.3119313226935113,t003
6,Remolques y SemiR,0.5865906588930576,t003
7,Hibridos y Electricos,-0.5235172688924791,t003
0,Menores,0.5373457531912923,t004
1,Hibridos y Electricos,-0.37126364713578164,t004
5,Remolques y SemiR,0.45951690841928833,t004
2,Hibridos y Electricos,-0.6121558035394787,t005
5,Menores,0.5984399942514493,t005
5,Remolques y SemiR,0.6319257090595806,t005
3,Remolques y SemiR,0.3713937586479308,t006
7,Menores,-0.3170024185698274,t006
7,Pesados,-0.3359434212248135,t006
1,Hibridos y Electricos,-0.3981518310809076,t007
4,Menores,0.3642450838973065,t007
4,Remolques y SemiR,0.3876328340521778,t007
7,Livianos,-0.31929327249562445,t007
7,Pesados,-0.3435046778068276,t007
0,Hibridos y Electricos,-0.41955291682879436,t008
4,Menores,0.5693101259140452,t008
4,Remolques y SemiR,0.5172822430231612,t008
7,Livianos,-0.49025625700246483,t008
7,Pesados,-0.34362045527478713,t008
2,Pesados,0.43160664805830795,t009
4,Menores,0.4813691245936925,t009
7,Livianos,-0.37630645299620624,t009
1,Hibridos y Electricos,-0.539035348309586,t010
1,Livianos,-0.34233433905739463,t010
1,Pesados,-0.34600838439800463,t010
2,Menores,0.4747642983900479,t010
2,Remolques y SemiR,0.6181341614271286,t010
0,Hibridos y Electricos,-0.5942197282158171,t011
3,Menores,0.548841736583265,t011
3,Remolques y SemiR,0.6724488310955548,t011
6,Pesados,0.3048484867623026,t011
7,Livianos,-0.30283993229637984,t011
7,Livianos,-0.3431798352892355,t012
7,Menores,-0.31708522630962205,t012
7,Pesados,-0.4448326657727054,t012
0,Menores,0.4469122266330552,t013
7,Hibridos y Electricos,-0.31138600600612426,t013
4,Menores,0.39653090541017033,t014
4,Remolques y SemiR,0.36513878339935724,t014
7,Hibridos y Electricos,-0.35040291027702325,t014
7,Livianos,-0.45356410154682103,t014
7,Pesados,-0.5122211368309261,t014
2,Menores,0.40663022671630805,t015
2,Pesados,0.33548022433720304,t015
0,Menores,0.3571469486531152,t016
1,Hibridos y Electricos,-0.3043538538632775,t018
4,Menores,0.3077019218246926,t018
4,Remolques y SemiR,0.3346736331312631,t018
0,Menores,0.3380348824072463,t019
6,Pesados,0.461917985650941,t019
6,Hibridos y Electricos,0.3549483978339206,t020
7,Remolques y SemiR,-0.36125014537100586,t020
0,Hibridos y Electricos,-0.30282947994019077,t021
0,Menores,0.30726780595025927,t021
0,Remolques y SemiR,0.35820023705342746,t021
3,Livianos,-0.375227978673924,t021
7,Menores,-0.32175071076737677,t023
7,Pesados,-0.3394099161022231,t023
7,Remolques y SemiR,-0.3885951476409828,t023
1,Hibridos y Electricos,-0.3576352614153509,t032
5,Remolques y SemiR,0.5259509163271249,t032
6,Menores,0.5130675461942515,t032
6,Pesados,0.3636387913117567,t032
7,Livianos,-0.38948314904125075,t032
0,Livianos,0.3919382841303498,t1081
3,Menores,0.3726206219894878,t1081
0,Livianos,0.3504828494459044,t1082
3,Menores,0.48824219243911815,t1082
6,Hibridos y Electricos,-0.34557861294208625,t1082
3,Menores,0.5320744044681058,t1083
4,Remolques y SemiR,0.370675661556575,t1083
5,Hibridos y Electricos,-0.39274985214299984,t1083
7,Livianos,-0.31987474000446675,t1083
7,Pesados,-0.5101509043319756,t1083
3,Menores,0.527522393127165,t1084
4,Remolques y SemiR,0.42910026572961385,t1084
6,Hibridos y Electricos,-0.4243901012087985,t1084
6,Livianos,-0.3778919194302125,t1084
7,Pesados,-0.4739633679366952,t1084
2,Livianos,-0.3062928068322013,t1085
0,Hibridos y Electricos,-0.5744537718898493,tkl49011
1,Remolques y SemiR,0.6063225131530849,tkl49011
6,Menores,0.53692580701678,tkl49011
1,Pesados,-0.3504853768662309,to-014f2
1,Pesados,-0.4092036672204856,to-015
6,Livianos,-0.30944455750122335,to-015
3,Menores,0.644378145675024,to-2880
3,Remolques y SemiR,0.66954764402337,to-2880
7,Hibridos y Electricos,-0.49214715103127193,to-2880
7,Livianos,-0.563261458174915,to-2880
7,Pesados,-0.5673882662110528,to-2880
1,Pesados,-0.3777691658943311,to-813
6,Hibridos y Electricos,0.3628296822536027,to-813
7,Menores,-0.4385810675500733,to-813
7,Remolques y SemiR,-0.3923966542443979,to-813
0,Livianos,0.4287423975478515,to-843
0,Remolques y SemiR,-0.3171293718476733,to-844
4,Menores,-0.33074818679107637,to-844
0,Menores,0.3862587218692532,v001
1,Hibridos y Electricos,-0.33033724362824235,v001
1,Livianos,-0.3269949247662217,v001
1,Pesados,-0.3489572522682667,v001
2,Remolques y SemiR,0.42243981914411405,v001
2,Remolques y SemiR,0.42849003352432286,v002
4,Menores,0.5710862470703714,v002
7,Hibridos y Electricos,-0.4601551127933635,v002
7,Livianos,-0.4774456001667835,v002
7,Pesados,-0.4127834435683114,v002
0,Livianos,0.35802035799042,vv975
0,Pesados,0.3568985885666588,vv975
2,Livianos,0.380738080119978,vx959
0,Menores,0.30929172063819566,w-11102/36
3,Hibridos y Electricos,-0.4106254128224536,w-11102/36
6,Remolques y SemiR,0.4359036888697637,w-11102/36
5,Menores,0.4049438430617463,w-1135/3
5,Remolques y SemiR,0.36478449910179206,w-1135/3
6,Livianos,-0.32995780393512875,w-1135/3
2,Remolques y SemiR,0.37197232286841114,w-1168/5
7,Pesados,-0.32026578585047755,w-1168/5
3,Pesados,-0.3794610010022231,w-1170/7
3,Menores,-0.360699412244824,w-962
4,Hibridos y Electricos,0.3213664249993281,w-962
4,Pesados,0.310754985854284,w-962
2,Hibridos y Electricos,-0.38332262313902804,wc-7101
6,Menores,0.48010048261539984,wc-7101
6,Remolques y SemiR,0.5266441204865074,wc-7101
0,Hibridos y Electricos,0.4079147542695079,wk-1040
0,Livianos,0.3138847097412656,wk-1040
1,Menores,-0.426006556505013,wk-1040
1,Remolques y SemiR,-0.44217736654718737,wk-1040
0,Menores,0.3261946095790015,wk-1050/1
6,Livianos,-0.3312303244378518,wk-1050/1
0,Pesados,0.3186802646183238,wk-1060
3,Hibridos y Electricos,-0.31287326832520373,wk-1060
7,Menores,0.31803921461302237,wk-1060
5,Remolques y SemiR,0.3237231984967924,wk-1060/1
7,Menores,-0.3928455449119683,wk-1060/2
0,Hibridos y Electricos,0.3387656966316548,wk-1156/1
7,Menores,-0.4570617541582902,wk-1156/1
7,Pesados,-0.3159696388438143,wk-1156/1
7,Remolques y SemiR,-0.38164307146784443,wk-1156/1
0,Remolques y SemiR,0.5304673823012277,wk-723
4,Hibridos y Electricos,-0.42431948245980133,wk-723
5,Menores,0.4941778329388694,wk-723
7,Livianos,-0.6120376817631122,wk-723
7,Pesados,-0.34245855518678536,wk-723
0,Hibridos y Electricos,-0.45657559462402453,wk-820/18
4,Menores,0.5191745419940056,wk-820/18
6,Remolques y SemiR,0.49125394848951276,wk-820/18
7,Livianos,-0.3144488982445393,wk-820/18
4,Remolques y SemiR,0.3392942718125051,wk-940/24
5,Menores,0.3648956106994209,wk-940/24
6,Livianos,-0.3251354546755512,wk-940/24
2,Hibridos y Electricos,-0.41545057680896497,wk-940/26
2,Remolques y SemiR,0.5026027957212115,wk-940/26
6,Hibridos y Electricos,0.4140287780548466,wk-950/14
5,Hibridos y Electricos,0.402020546508073,wk-962/13
6,Remolques y SemiR,-0.3877708588517454,wk-962/13
0,Remolques y SemiR,0.5792248428788496,wk-962/7
5,Menores,0.4169855729428262,wk-962/7
7,Hibridos y Electricos,-0.4306627548012481,wk-962/7
3,Livianos,-0.3580348118572059,wp-11102/3
6,Hibridos y Electricos,-0.32188486700724656,xu22epr-u
7,Menores,0.33124242758300043,xu22epr-u
0,Hibridos y Electricos,0.42014873190101193,zd1567
2,Remolques y SemiR,-0.43785040552714277,zd1567
3,Menores,-0.4478774270871236,zd1567
