sku,rfm
bto014,2
c-1013,3
hy044,3
to-841,2
dt235/55r18,2
c-5106,2
aty006,2
dttmlt245/75r16,1
hu-1077/2x,2
h80900500,2
11126,1
48056,0
95917155,3
54651-2s000,3
t1100,1
schd-458,1
ch-004,2
tto030,2
ca-28160,1
54661-f2000,3
c-2810,0
ehy006,1
a-1126-s,3
mz-023,1
bp4k28910d,1
774038,2
hu-721xkit,2
44209,2
a-1050,2
w-962,2
ca-28260,2
w16ex-u,3
348083,2
pe25500254t,0
pk1540ci500,2
c-1404,1
eo-2624,3
cf-300/1,2
c-1123,0
dt225/60r17,2
hy004,3
w-962/14,0
17327,0
ef-31090,2
petracto500,1
sfc-5705,0
56110-01n00,2
sfc-79140-30,2
o-5302,0
rto002,2
a-68380-s,3
af2000/gxf,1
rov1030025,2
fc-1107,0
48540-20820,1
17322,0
rni008,0
eo-31110,3
rp1030100,3
a-5507-s,3
tto006,1
cf-500/1,3
t021,3
hy045,3
sf-1911-30,2
03515,1
fc133300,0
vx298,1
hy035,2
t1060,1
dt235/60r18,1
a-1939,2
bf5000m3,2
icd1193,1
m-polos,0
f-13140,3
icd1212,2
pu-941x,2
eo-13070,3
c-6105,2
icd1211,1
17941,0
icd1935,2
54303-jg000,1
ef-13090,1
54660-2p000,3
18033,3
ca-18250,2
a-1068,1
a-33410,2
tto004,1
ef-13021,2
rni006,1
48041,0
bto021,2
bz0001,3
c-1305,3
novar#1,2
17097,2
hy016,3
enr48901,0
48892,3
sfc-55280,1
562106313r,2
c004,2
18038,2
t1083,2
91511960,1
ef-13070,3
48520-29285,3
t1153,1
48138273,0
ef-18060,2
rov1540025,0
ur005,0
ca-17140,3
hy043,3
t027,1
12928,1
c-4312/1,2
f-1111,3
17109,1
xe20hr-u9,0
11811,0
40298960,1
hu-931/5x,2
ctx-060,1
dt5.50r12lt,2
54651-3x250,3
t014,3
hy032,2
n017,3
11845,0
rni005,1
icd976,3
mi-002,3
h85140500,1
ge-008,1
a-6207-s,3
n015,3
48511-29526,2
55302-51y00,3
by-002,3
c-1533,3
eni002,0
03921,0
sb002,1
3330083,3
884656,3
5465007100,3
sb004,1
t011,3
c-10590,0
paw68a5500,2
rki001,2
a-1880,3
cf-1510/1,2
17316,1
af9900m8,1
cf-400/1,3
56210-9m900,0
thy017,1
55310-h9200,3
11411/exp,0
02376,0
561103j200,1
dt195r15c,1
96424026sp,2
ni-032,2
cdx-019a,3
18048,2
c-341500/1,1
49531,1
ehy002,1
enr17171,0
thy006,0
hy048,3
a-5904,2
ctx-170a,3
rhy006,0
ctx-125,2
082933005,1
11979,0
dt225/75r16c,1
ety005,1
rhy002,1
t1091,1
as736lf,0
tsz001,1
a-28550,3
c-1514,3
peaw68a500,2
tt-123,2
ca-28330,1
ni-003,3
tni013,1
wk-1060,2
083857003,2
as-5102-s,2
87987560,0
fxe20hr11,1
o-1012-s,2
rni010,1
sm019,0
rhy008,1
a-5025-s,3
ur001,0
96408735,3
r10300025,3
dt185/65r14,2
f001,1
bdd021,2
17629,2
bf6000ml,0
a-8553-s,3
cmt-001,1
c005,2
3410014,2
t1065,0
sdki-297,1
tto001,1
k007,1
a-28510,2
t038,3
ef-1112,3
as-608-2rsc3,0
wk-962/13,2
mi-2351a,0
3330084,3
17631,3
a-5301-s,2
pk16tt,0
n025,0
ehy008,1
48269373,0
hd+295/80r22.5,1
a-14420,2
bdd056,2
rov85140025,0
884530,2
96407821,1
fc-1005,3
sf-1911-2,2
a-71510,2
ety004,2
h-12110/2x,2
hm295/80r22.5,1
icd1210,1
a-6038-s,3
c-7929,1
b10300100,3
hy028,1
ni-009,2
54302-5ha3a,3
w-9023/1,2
rxfc113641bep,2
icd1397,1
11006,0
dt185/70r13,2
a-7101-s,3
hy053,3
h75905500,1
sdhd-484,1
mg351,1
t1047,2
p2050sm5500,1
54303-54y00,3
tkl10028a,0
p80900500,3
bz0010,1
enr17631,0
n002,3
54650-2k000,1
o-1325,2
ech001,0
c-1513,3
afc10100mb-m2,1
t023,3
stm11r22.5,1
c-6204,3
ca-65210,2
as-7805-s,2
dt5.00r12lt,3
56211-wf126,2
eo-11050,3
eni005,0
4853002700,3
a-22340,1
ca-65180,1
hy-820,3
48328,3
a-5541-s,3
48004,1
eo-1501,3
hy-014,2
ch005,2
c-1318,3
ch002,2
dt-064,3
ni-5052,1
ak001,1
aty012,0
df-001,3
b1003,0
to-842,1
thy002,1
enr17097,0
w16ex-u11,0
a-71160,2
a-1142,1
c-311345/1,2
scki-448,2
srto003,1
ea-69220,1
ch-005,3
dt215/70r16,1
01427,0
50006636,1
a-1058,1
p809005500,1
800028312000,1
fs-8001,2
ef-1301,3
fc-2801,3
re001,3
dt165/65r13,1
bdd020,3
c-1007,3
a-6117-s,3
485310r010,3
89084810,1
48424673,0
icd668,2
a-65660,1
as-6203-2rsc3,0
t1092,1
a-25440,1
ca-17160,1
ch006,1
99939,3
tsz004,0
p-811,0
sfc-5509-10,1
pgcr5003,2
fs-31140,3
w16exr-u11,0
mi-620,2
as-5628-s,3
tto023,0
ghm3030dd,1
a-65620,1
dt205/75r16c,1
mz-001,1
to-839,2
48039,0
139305037,1
a-1762,1
hy-010,1
a-71130-s,2
07742,0
tni009,1
icd1156,0
d001,3
082952014,1
bto016,3
sb-022,2
a-71340,1
ef-10050,2
48994,1
a-71260-s,3
800044410000,1
q20r-u11,1
eo-1801,3
af6210/fh,3
c-1922,3
rov8090025,1
cac-11380,1
bto013,1
bni006,1
wdk-11102/28,2
dtx-237a,2
17326,0
48510-20010,3
hy052,1
a-13570,3
thy003,1
t1096,0
c-271340,3
ef-10080,3
a-6706-s,2
icd1847,1
eo-24070,1
40338960,1
mwmwd976,3
ety003,2
dtx-113,2
dt155/70r12,3
wc-7101,2
ato-002,3
a-5107-s,2
54660-1y200,3
3461-1096skr,3
a-57270-s,3
acb-003-cs,2
099830025,0
h-601/10,2
mr197433,2
b32t34900c,3
icd684,3
54660-b2100,1
s-lapiceros,1
a-38150-s,2
sk18fa-e,0
tto021,3
48531-35190ref,3
vv975,3
c-20457,2
w16fp-u,0
sdgm-565,2
sfc-5301-10b,2
icd1592,1
fc-7102,1
a-71490,2
to-015,2
a-1143,1
ni-046,2
af12097m,1
cf-1000,2
k20pr-u,0
4852042080,1
884646,3
t1078,0
efg-15010,3
by-001,3
ef-18050,3
48530-02130,2
pcr5050500,3
a-76530-s,3
ema002,1
vx959,3
48034,0
mi007,2
fs-18290,2
800039911000,1
a-28820,1
a-71300,1
enr48892,1
wk-962/7,3
ctx-123,2
a-3306,2
eo-28090,3
srni004,1
t1101,1
g15400500,3
fc-1807,3
a-2839,2
dtt215/45zr17,1
17125,0
wk-1030,2
a-31140,3
tto027,2
asz002,0
ahy008,0
28100-0l200,1
ehy005,0
48708,0
bdd010,3
as657/2,0
ek002,1
a-71490-s,2
100-2c,1
55311-2s000,2
48520-12610-l,3
hu-7010z,1
bdd053,2
thy015,0
sdhd-519,2
fs-4301,3
082953005,2
26560143,3
zxed1,1
54661-a0100,1
rov1030sn5500,1
922380213,0
af6200/2f,2
sdhd-649,2
48530-52b00,3
a-1128,2
ef-5102,3
ety001,2
km425/65r22.5,1
skhd-6449-lb,1
wk-940/26,2
w16exr-u,0
55300-4h600,3
schd-514,2
hc-7920,3
icd1454,2
sb005,1
t1106,2
48531-26220,1
mpg1,2
sc20hr11,2
t005,3
48729,1
af6310/fh,1
eo-1101,1
48901,3
48005,2
dtlt235/75r15,2
enr17177,1
sk24,0
a-28890,2
a-8649-s,2
724680016r,2
sk008,2
k16r-u,1
h-932/4,1
icd924,1
bto010,1
a-1959,1
48420,0
48720,2
sk22,1
54660-g6250,2
tkl452710,0
884559,2
17104,0
ckt-508aa,2
esu002,0
110517,1
17035,0
a-14490,2
t029,1
enr48881,1
a-1324-s,3
icd1950,2
ety013,1
ef-1003,3
92827960,1
dt215/75r16c,1
hy-013,2
sk18,0
srmi002,1
726680404l,3
48001,0
r2050sn5500,1
n011,1
a-17850,1
to-844,2
c-1110,3
ca-29040,1
54660-h9200,3
dt-072,2
dt165/65r14,1
op-001,2
96187438,3
d04a34900c,1
cmt-150,2
sf-1913-30,1
scgm-570,2
wk-940/24,3
ts22,0
48530-02180,2
c-6001,2
ca-2808,2
a-2709-s,3
dtt265/65r17,2
17048,0
e6200-eb71a,1
dt185/70r14,3
t1084,2
ctx-062,3
546612d000,2
41602m79g80,2
ca-11380,3
eo-2626,3
ety012,1
01277,0
c-25710/3,1
fc-1803,1
ca-18120,3
cf-2000/1,1
zd1567,3
c-18450/1,1
54660-1r001,3
724680016l,3
725680400l,1
icd2289,2
48510-12d20,3
333831,2
tki002,0
tmi001,1
a-5555-s,1
c-29010,1
icd2286,2
e4303-5ha3a,3
sk010,1
p2550cf500,1
f-1507,3
54302-5m400,3
af2033,2
c-1735,3
54302-1n310,3
h80900025,3
ahy003,0
w-11102/34,1
t020,3
a-28530,2
c-5710,2
3461-1011skr,2
p2560cf500,2
333838,2
93369970,1
a-5441-s,3
pu-1059x,1
21979473,0
ctx-149,1
p1540cip500usr,2
to-502,2
paw68a500,3
t013,3
vw-005,2
sfc-24020,2
t1081,3
a-17200,1
96586885,3
pra500500,1
wk-1060/1,3
ddx-041a,2
hy-823,2
a-5803m-s,2
c-71060,2
hy051,3
48541-09210,2
a-69130-s,3
553612d000,3
ss01,1
a-8672-s,2
c-11100,1
c-7971,3
n016,3
p-1234,0
tto003,1
n008,3
hu-12140x,2
t1086,2
t032,2
as-29685/20,0
a-6832-s,3
a-33950,0
dtx-197,3
dpm12.00r20,1
sm039,0
vw-020,1
eo-1702,1
27060-0l150,1
t1048,2
kn47001,2
hy023,3
c-1032,1
sfc-5711,2
sfc-89010,1
b20500100,3
k16hpr-u11,0
rhy001,2
a-1158,2
sfc-31010-10,3
cu-1919,1
t1118,2
srto007,2
schd-644,2
48541-09210ref,3
c-1302,3
bdd026,1
a-5653-s,1
hy017,3
t1082,3
t041,1
fc-2904,3
822345,2
n019,2
a-2935,3
sk22fa-e,0
cp-23210,3
a-28620,1
48894,1
afc11100/f,1
sfc-1306-10b,1
sk17fa-e,0
p2550cf5500,1
g15405500,1
099830020,0
bfu-700x,0
skgm-276,1
41601m79g80,2
dtx-146,3
scki-339,1
aty004,1
ca-2807,3
17649,2
fc-1001,3
bdd050,0
5611076000,3
dt265/70r16,1
mi005,1
ctx-107,2
01551,1
t007,3
55361-22100,3
a-2405-s,3
fc-13210,3
ahy005,1
tkl24030,1
aat-018,1
20313aa110,3
17061,0
c-301500,1
ct-011u,3
srch001,1
a-61480,2
as-1014,1
17059,0
c-29010kit,1
cv-15,2
eo-1103,2
g20w50025,2
pe1540ci500,1
sfc-55170,2
99748960,1
96316781,2
mi-012,1
ca-1810,1
48052,0
55360-25050,2
sdki-299,2
thy011,1
tkl49011,2
dtx-133,1
a-5828,2
thy001,1
55351-22100,2
dt-036,3
c-4906,1
27569,1
ahy002,1
c-1112,3
c-27902,2
afc11000/1f,1
48772,1
ef-65030-s,3
a-33740,3
dtx-116,2
h85140025,0
90924960,1
hu-12110x,2
hy009,3
a-5509-s,2
wk-820/1,1
b10300025,3
dtxlt265/60r18,2
t1160,0
mz-024f2,1
95917154,3
ch012,1
ki-003,1
p851405500,1
a-5658-s,1
t1001,1
c-1204,1
zxru1,3
55310-21010,1
fc-5725,3
55300-3x100,2
a-1431,1
mwmwc1592,1
ni-007,0
17919,2
sk006,2
17102,0
t010,3
17311,0
af12050m,2
ca-1114,3
54660-2w100,3
icd1345,1
06060,0
54650-2p000,3
68191,0
sm028,0
ni-721,1
ni-022f3,2
24526127r,2
ctx-160a,2
icd510,2
pgca5003,1
55351-2e501,2
fc-2204,3
a-71510-s,2
k003,2
rov1540100,1
xu22epr-u,2
a-66130,1
17197,2
sk011,1
t1103,2
skf-6001-2rshc3,0
ch004,2
884527,2
rxfc120764b,2
726680404r,3
af9033m1,0
dt195/50r15,1
pp05300055,1
icd1942,1
d003,2
hm11r22.5,1
srto011,1
rto008,0
48078,3
n006,3
w-1170/7,2
ca-1801,1
54661-d3000,3
ge-007,3
c-1823,3
wk-1156,2
icd1184,2
48531-36160,2
mz002,2
f-1110,0
w-11102/36,2
c-5707,2
d004,3
mr197434,2
hy040,2
dtlt225/75r16,1
fc-5715,2
rto015,2
a-57400-s,1
49027b,0
c-1903,2
as-2206-s,3
eo-66010,2
rxfc113642b,2
fc-7104,2
17182,0
di1540ci5500,2
tkl24024,0
a-38520-s,2
dt255/55r18,1
sm042,1
54661-a7400,3
a-1000s,2
a-71380-s,2
sk021,2
884572,2
enrledh4,2
c-1815,0
a-8602-s,3
rov530sn5500,1
41700-65j00,2
a-1423,1
a-13580-s,3
hu-718/1k,2
dpo12.00r20,2
41601-58m00,3
54650-1r001,3
v002,2
dtmlt275/70r18,1
d005,1
a-28650,3
c-2505,3
90373164,1
17945,2
a-2813,2
sm038,0
ani001,1
fc-1105,0
ch007,1
48531-36100,2
95032448,3
ctx-064,3
41601-71l20,3
ani002,1
eo-53880,0
rmi002,1
wk-1080/7x,2
k002,1
3221-8512skr,2
dt-625,2
fc-2905,2
v004,2
ik16,2
45310-08301,1
bmi001,2
hy027,3
100-2e,1
dt-611u,2
ge001,2
c-1522,1
q16r-u,1
14606,1
fc-29080,2
a-28600,2
48031,0
95077491,3
c-1142,3
ni-049,2
hy056,1
5531007100,2
dt-036v,3
c-10027,0
55300-1m300,3
55311-2s400,1
48520-19075,3
t1109,1
11345,0
sk20fa-e,0
rov1040025,1
c-38090,2
scdw-504,1
c-1113,2
cmts-003,2
enr48072y,0
c-1314,3
w-1135/3,3
54650-c7200,2
sk-610,2
t1099,1
a-72070,2
bdw001,0
3461-1011askr,2
5461-9836skr,2
a-2002,1
hd295/80r22.5,1
18058,1
56210-86425,3
48510-12550,1
c-1515,3
17643,3
emi002,1
c-2105,3
hy029,2
17141,2
c-2906,3
t1135,0
c-23800,1
dtx-232a,3
rhy007,0
a-1728,1
d007,3
srb-128,3
96407822,1
skki-031,1
as-1024-s,3
060677020,0
icd1676,3
3340047,3
41602-59j10,3
a-1331-s,3
cst-007,2
k010,3
eo-17030,3
t031,2
ca-18280,3
rovatfd100,1
sfc-7912-30,3
dt195/65r15,1
wk-10006z,1
t026,1
v001,2
ef-51040,3
sk022,0
enr17635,0
t004,3
c-14200,2
to-7391,3
as-1034,1
01095jg2,0
48321,3
48750,2
c-1025,3
c-1011,3
c001,3
sk017,1
ch008,3
wk-820/18,2
sm024,1
c-1805,2
sk015,2
49027r,0
rovatfd025,2
hy033,3
ca-1402,1
c-6214,3
a-2625,2
thy005,1
c-6521,2
17175,0
a-8647-s,3
48067,1
48641,2
54661-3x250,3
sat-017,1
sddw-009,1
sfc-7912-30b,2
48520-52010,3
24569,0
eo-1802,0
j001,1
dtmlt265/75r16,1
a-1019,2
paw68a5500usr,1
tb-1374x,2
088269017,0
50017788,0
a-8548,2
enr48072,0
ctx-166,3
3340048,3
98016,2
tto008,1
dd295/80r22.5,1
48607,2
485100d851,3
a-1841-s,3
ni-044,2
skf-6203-2rshc3,0
5u0413031,3
r20500025,3
c-1809,3
k005,3
98015,3
atfd30025,2
bni001,2
dp12.00r20,1
k20pr-u11,1
sk-801,2
a-6121m-s,3
54661-2h000,2
55311-2h000,2
hy042,3
91359960,1
icd1674,2
dpp12r22.5,1
hy-610,2
50006609,0
55310-a0000,3
ch011,3
a-33850,1
48881,3
hy055,3
m25600025,2
17094,0
k20tr11,0
54303-50a00,1
dt215/75r17.5,1
ni-020,3
tch003,1
tni011,0
sfc-1306-30,3
dt195/55r15,1
t009,3
48751,2
sm033,2
54660-2k000,1
55310-c7200,2
ch010,3
thy008,1
ahy007,0
aty011,1
hdd315/80r22.5,1
d25600500,1
a-5444-s,3
kn44051,1
rhy003,1
a-1177,3
c-15671,1
fc-5704,0
54651-d3000,3
w-1168/5,3
a-8506-s,3
46606ef,0
hd315/80r22.5,1
48625,1
50017715,0
96424025sp,2
4tp20500025,1
tch004,1
hy041,3
48680,2
fc-1814,2
pe20500254t,0
a-28960,2
884567,2
dt175/70r14,1
icd1225,0
tni012,1
k009,2
a-5549-s,3
54303-1n310,3
17057,0
54661-2e500,3
icd1202,0
dt195r14c,2
dop11r22.5,1
ky01-34-900a,2
eo-3005,1
54303-5m400,3
dtlt265/70r16,2
ch001,3
pp05300100,3
w20exr-u,0
bto011,1
c-1109,3
t017,1
55311-d4200,0
pglaz5003,1
a-1662,1
hy038,3
ho-5046,1
17169,1
a-71310-s,2
t015,3
rda001,0
48700,3
hp295/80r22.5,1
skf-6203-2z/c3,0
c-1309,2
725680400r,1
dt-073,1
scdw-155,0
bdd031,2
fc-1104,3
to-2880,2
tkl23016,2
54650-h9200,3
o-2629,1
675130,3
sk21fa-e,0
eo-29060,1
48511-35360,1
pgcn5003,1
54661-c5000,1
ptracto500usr,2
17136,0
100-sail,1
07223,1
ek003,0
17189,0
rp2050100,3
enr48328,0
dp11r22.5,1
c-281275,1
drp12.00r24,1
c-17308,2
c-1019,0
eni001,1
t7069,1
500-2c,1
hy-822,3
54651-a0100,1
d25600025,0
dttmlt245/75r17,1
a-83100-s,2
rni004,1
skf-6201-2rshc3,0
543038h600,2
a-38120-s,2
48884,2
bdd028,3
n010,3
enr17181,0
sfc-79110,1
a-7980,3
800028110000,1
k20r-u11,0
3341-8530skr,1
c-1202,0
c-1012,3
t022,2
fc-1301,3
ctx-014,2
ef-26070,3
01135brg,0
a-14480,1
dop12.00r20,1
rov20500254t,1
3461-8553skr,3
lmd235/75r17.5,1
h80905500,2
icd1661,2
4852009m80,3
sk005,3
ef-8301,0
a-65540,1
opt-044,1
rto020,1
a-8652-s,1
mi-016,2
k16pr-u,0
17881,1
ki-002,3
c-5713,3
56210-jg000,1
to-813,2
dtx-117,2
a-71590-s,2
sm034,0
4851009u70,3
a-1342-s,3
pu-999/1x,2
896749,2
bdd011,1
a-28590,2
54660-d4000,1
pra300500,2
sm029,1
c-281012,2
a-65490,1
08720,0
gw001,2
dtx-164a,1
dtx-099,2
dt165r13c,1
t1063,0
100-4m40t,1
t1105,2
f-11112,2
icd1423,2
dt175/70r13,2
c-261100,2
wk-718,2
95026519,1
ef-15130,3
t1070,2
48530-52051,2
bto005,0
zd976,2
n014,2
ac-7901,2
to-843,2
ctx-088,3
rni003,0
n005,2
li-012,1
tto002,1
tks50-33k,1
c-1511,3
ctx-151,2
hy046,3
48040,2
a-88170-s,1
ctx-076,2
b45a34700,1
ctx-071,3
to-840,2
eo-65120,3
hy-620,3
87561610,1
w20ex-u,0
a-6227-s,0
ahy009,1
54650-2w100,3
dt-628,2
as335sp-m1,0
a-1117,1
ek004,1
90904863,3
hu-945/2x,2
17635,3
tkl22012,2
enr17638,0
hy030,3
48511-39687,1
dttmlt265/70r16,2
dt235/65r16c,2
ca-28261,2
96586886,3
icd1471,3
tkl22012d,2
17022,2
t1107,2
tto024,1
mb659129u,1
pe1540ci5500,1
48351,2
tb-1394/1x,1
17171,3
dt-123v,3
ami002,0
fc-1020,1
48540-0d570,3
17040,2
20313aa100,3
c-1111,2
to-007,2
to-808,2
55311-d3000,1
op-010,2
asz001,0
sfc-5304-10,3
48076,3
dt-124v,2
ca-1103,0
48006,3
icd2343,1
a-45100-s,1
hy-011,2
48042,2
17177,3
m25600100,2
fs-26150,3
s-polos,1
4853109450,2
mi-013,3
pu-1046/x,2
o-1805,2
nsk-58tkz3504a3ra,1
sd295/80r22.5,1
cf-1940,2
wk-940/12,2
07660,0
hy031,3
fc-7913,0
dt205/55r16,1
c-1552,2
ca-18360,2
tch005,0
633147,2
sat-018,1
54651-c5000,1
41601-59j10,3
icd831,1
tto025,1
54660-1e200,3
t1154,1
54661-2s000,3
48220,0
41601-64j00,3
dt11r22.5,1
t016,3
a-8681,2
sc16hr11,2
wk-1156/1,2
wk-1040,3
rni009,0
n018,3
o-1323,2
41602-64j00,3
t1069,2
48510-52790,3
ni-012,2
w-920/7,2
48320,2
icd1188,2
17131,2
op-002f3,1
a-5668-s,3
wk-1124,2
hy050,3
dtp205/60r16,1
48530-20820,1
tmi002,1
vterm5500,1
sddw-508,1
48531-09840,2
56210-el00a,3
to-029,2
ahy010,0
afc11100mb-m1,1
p00100500,3
icd440,0
jx-002a,1
a-33730,2
tkl-a-1000s,1
tto029,2
t1134,0
dtx-199,3
a-28640,3
af9050m,2
icd1543,3
56210-4m400,2
41810-58m00,2
rhy012,1
a-1198,2
4060a397,3
fc-5509,1
07369,0
c-6805,3
as-6905-s,3
98129960,1
to-721,1
eo-10060,2
ur004,0
ef-83030-s,2
ety002,2
sk019,2
48350,2
56210-0m011,3
e6110-eb71a,3
48510-12750-r,3
eo-2621,2
rni011,0
rov1040sn5500,1
skki-253,1
ixeh20ett,1
182-s,0
dt185/65r15,2
ca-14050,2
cf-2631,2
pp103000100,2
n009,2
rhy004,1
a-1429,1
54303-70n00,3
icd1848,1
sk-017,3
ek001,1
srb-156,2
w20exr-u11,0
sf-1912-30,2
icd1595,0
543020322r,3
54650-1e200,3
a-38230-s,3
as-6116-s,1
aty007,1
55310-g6200,3
48520-02150,3
dt225/65r17,1
331702,1
54650-b2100,1
ikh16tt,1
sk16fa-e,0
sb001,1
af850/xf,1
ef-2634,2
a-1129,2
800028210000,1
65309,0
h-5902,1
54302-50a00,1
srb-031,0
tks50-31k,1
rto014,2
11812,0
12793,1
skf-608-2rsh/c3,0
ehy007,1
e6210-9km0a,3
a-8579-s,2
op-004,1
a-5662-s,3
mg331,1
t019,3
bdd006,3
55350-25050,2
t1142,1
afc10100/f-m1,0
c-7607,2
tt-121,2
q16pr-u11,0
wk-11001x,2
p2560cf5500,1
emi001,1
ca-17100-s,0
4060a065,1
efg-1002,3
884569,2
41602-58m00,3
skki-138,1
icd0009,2
fc-1702,3
546512d000,2
afc11100/1f,2
paw68r5500,1
333425,2
a-5801-s,3
tto005,1
a-61530,3
a-17900,1
hy-824,3
48728,3
wk-950/14,3
f-1306,3
w-11025,2
icd2038,0
drm12.00r20,1
sfc-7103-30,2
a-5558-s,3
icd1362,1
rto003,1
rxfc113640bep,2
hy039,3
a-38320-s,3
99991970,1
mf-fh12,1
48510-8z205ref,3
ki-001,3
a-5597,2
mr-992321,3
rov2050100,2
sf-1307,3
t018,2
ctx-110,1
48951,3
opt-025,3
a-7122-s,3
cf-1650,1
884544,3
j002,2
dt-094l,3
sfc-79410-30s,2
ca-65310,1
eo-2404,3
dtlt265/70r17,1
df01,1
ty655183u,1
di1540ci500,2
tki001,0
mz-012,2
hy-640,0
l001,2
a-38050-s,2
861800,2
4851042080,1
c-1138,1
atfd35500,1
bto001,1
re003,1
a-1127,1
di1540ci025,3
a-33960,1
7246302l,2
a-6709-s,3
act-002-cs,2
hy-630,1
c-271320/3,1
f-11140,3
a-1088,3
bto017,2
a-6118-s,2
t002,3
a-42610,2
rch001,1
c-10026,2
ch009,2
48510-52031,3
bdd024,1
120205,1
aty005,2
c-58270,3
p1540ci5500,3
17027,0
7246302r,2
tks58-50k,2
377513029,3
726680398r,0
thy016,0
pu-88,1
rhy005,1
hu-618x,0
st-1640,0
c-33017,1
17638,3
a-1169,1
ky01-34-700a,2
v003,1
af9033mv,2
96407819,1
bdd019,2
tto031,1
dtxlt265/70r16,1
4851087401,1
as-6204-2rs,0
mi002,3
skf-6202-2rsh,0
dttmlt265/65r17,3
54651-2e500,3
sfc-19140,3
ckn-500-lt,1
hy049,3
a-1818,3
c-5717,1
ahy012,0
341166,1
skhd-322,1
a-8513,3
41800a78b00,1
k16pr-u11,2
bdd007,1
a-88230-s,2
27309,0
vv919,1
a-5101,2
t1098,1
sfc-5708,2
q20pr-u11,0
mz001,3
a-61440,2
mi-014,2
a-14470,2
af12035m,1
sfc-55240,1
wc-5705,2
dt175/65r14,2
ef-1002,3
c-38100,0
48510-09k60ref,3
341139,1
bz0002,0
ctx-065,1
c-1122,3
c-23610,2
56210-wf126,2
hu-1077/2z,1
17315,1
55310-c5000,0
op-006,3
c-1717,3
a-1833,3
t1143,1
c-5705,3
opt-032,2
ctx-124a,1
azul,2
d25600100,1
p2050sl500,1
f-11141,3
54650-1y200,3
2901410u8010,3
eo-18210,0
mz003,2
332153,2
tkl47015,1
hy026,3
aat-017,2
4106961j00,3
48026,0
mr-151227,0
17948,3
a-58410-s,3
to-731b,2
a-2414,1
c003,1
48602,2
icd1519,2
48358,2
54650-24120,3
a-1180,1
w22m-u,0
884721,2
ehy001,1
hy-012,3
c-2516,1
zd1592,1
bw7000m-m3,0
aty013,1
099830010,0
083965005,0
17314,0
ca-1112,3
t006,3
ani003,0
rto005,0
c-331460/1,2
ef-2636,2
k16tr11,3
a-1126,2
wk-723,2
2901310u8010,3
p1540ci500,3
c-1855,0
dtx-202,2
tto032,1
88476810,1
paw68r500,3
11733,0
54660-b4000,3
wk-1050/1,3
ni-080,2
48520-bz750,2
54651-22000,2
cf-1651,2
enr17916,1
ca-1806,2
cf-1150,3
f-10200,0
48510-19355,3
p20500254t,1
skhd-181,1
hy034,1
di1540ci100,3
48531-09840ref,3
af6300/2f,1
48510-29277,2
fs-1804,0
fs-18291,3
17916,3
tch001,0
w16ex-ua,2
icd1911,0
n012,2
q16r-u11,3
a-19890,0
icd1094,1
09114,0
54660-4h600,3
fc-19070,2
rhy010,0
a-5331-s,3
48904,3
333839,2
k004,3
98014,0
eo-30140,1
a-6020m,3
48520-12610,2
as-1825,3
dt215/65r16c,1
a-1517,3
c-5706,2
tch002,1
40265960,1
55311-38601,2
48510-bz750,2
17172,0
56110-25g00,2
icd2326,1
a-28690,3
bfu-811,1
822348,2
55300x100,0
41802-59j10,3
eo-66020,3
48092,1
ctx-115a,3
fc-1806,3
c-1002,0
a-8604-s,2
12086,0
48540-02120,2
ef-1801,2
dt185r14c,2
sfc-7939-30b,2
41602-71l20,3
to-2435,2
ctx-014z,2
eo-3009,2
082966090,1
a-13530-s,3
sb-010,2
eo-18060,0
ca-10150,3
t1085,2
b32t34700c,3
183450001,1
mi004,2
re-016,2
fs-26080,1
ehy003,1
icd1157,0
a-1946,1
bto020,2
dtx-209a,2
hy-803,2
t033,2
cmt-142,2
rto019,1
48025,0
ca-18320,0
paw68a500usr,2
333426,1
thy018,1
a-71130,1
dttlt265/75r16,1
01321,0
sdki-440,1
p-707x,0
54650-d4000,1
c-6526,2
17411,0
sk018,3
54650-4h600,3
ca-28300,1
ik20,2
90081961,1
17051,0
ef-15131,1
tni001,0
sm11r22.5,1
fc-1003,3
t003,3
t024,2
a-28950,1
c-1814,3
c-16400,3
eo-31070,2
ds001,3
675129,1
hy047,3
17181,3
17053,0
eo-26330,3
fc-1009,2
377412503,3
mg330,2
a-3301,3
dt205/70r15c,1
a-22380-s,2
041063007,1
a-5801,3
dtl12-16.5,1
h947/1,1
ca-28180-s,2
b45a34900,1
c-20500,2
t012,3
hy-009,3
mg369,2
to-014f2,2
rto009,1
55303-51y00,3
a-28770-s,1
a-1081,2
54302-ed002,2
icd1354,1
fc-5723,2
wpt-168va,1
a-71420-s,2
a-7124,2
bf6000m3,2
100-4d56t,1
48530-16380,3
ety009,1
ctx-145,3
dt235/60r17,1
rov1030100,2
54651-a7400,3
553512d000,3
c007,2
tto026,2
ehy009,1
dm12.00r24,1
18036,2
esu001,2
mg550,1
081769014,1
ctx-118,1
11109,0
as-608-2rs,0
opt-115,2
861398,2
tto028,2
c-1534,3
099830015,0
schd-350,2
pl-420x,1
pt16vr13,0
ani007,1
fc-2205,2
bfu-707,1
880954,1
rov530100,2
a-1433,3
a-1864,2
sfc-55220,2
95032447,3
dttmlt265/75r16,1
c002,2
c-1160,3
48520-12c20,3
enr17919,0
a-5570-s,2
339338,2
as237sp-m2,1
5466007100,3
a-6304-s,3
opt-116,2
a-28790,2
48415473,0
a-8577-s,3
24526127l,2
c-6804,3
48007,0
tkl452710-4a,0
h851405500,1
as-1014-s,2
t025,1
884577,3
mi001,3
t1104,2
as-22470-s,3
17038,0
hy037,2
re002,2
a-5654-s,3
eo-29050,1
a-5022-s,2
bhy005,1
54661-22000,2
fc-28011,3
rov2050025,2
hy036,2
dt-063v,2
skf-6202-2rshc3,0
ehy004,1
18032,3
48222,1
54302-70n00,3
aty001,1
mi-5005,1
a-5573-s,3
sk009,3
c-2804,1
a-58370,3
dttlt245/75r16,2
55361-2e501,1
dg001,3
cf-360,1
skf-6205-2rshc3,0
54651-f2000,3
rto017a,2
sm020,0
a-3312,1
87515600,1
dtx-099l,3
wk-1060/2,2
xu22hdr9,3
c-6210,1
48530-52440,2
48702,3
ho-5025,2
726680398l,1
tn-146,0
k006,2
a-65510,3
fc-1004,0
wk-1149,2
3461-1001skr,2
rto001,1
sk014,2
fc-10290,3
rto010,0
n013,3
sk016,3
633148,2
a-14460,1
rxfc123188b,1
sp-2081-2,1
ahy001,1
wp-11102/3,2
dt155r12c,1
dt5.50r13lt,3
dt225/45zr18,2
a-1878,2
sfc-7939-30,3
tsz002,1
ctx-084,1
hy008,3
a-1927,1
op-013,2
rxfc113644bep,2
tki003,1
20360fa050,2
eo-65090,3
17925,3
a-8904,0
a-6119m,3
tda001,1
183101006,1
opt-076,2
t008,3
a-1876,3
a-25490,2
41700-63010,2
w7multi-20,0
a-28560,3
54302-54y00,3
dop1137,0
68196,2
17039,2
k16r-u11,3
bto003,3
ctx-170z,3
bdd027,2
a-29390,2
tni010,1
icd242,2
dt12.5/80-18,1
ef-1802,3
82581060,0
rto004,1
thy012,1
48510-02150,3
48510-12750,2
sk-130,1
b1004,0
sk012,2
t1146,1
c-15300,2
t1059,1
f-17011,2
t035,2
c-1008,3
ckt-500au,1
ef-1509,3
c-65400,3
54303-ed002,2
54302-jg000,1
09380,0
t1147,1
339339,2
891566,1
eo-1102,2
fc-7905,1
060677000,0
t1119,0
rmi001,2
fs-19130,2
dtp215/70r15c,1
bdd040,1
icd1544,1
a-71590,1
fc-1022,0
vv982,1
54651-2h000,2
334471,2
c-27830,2
cf-600/1,3
77990860,0
p85140500,2
cst-011aa,1
4060a066,1
rxfc113661bep,2
mf-fm1012,1
adex3h,3
fc-55240,3
t1102,2
334470,2
543028h600,2
4852087401,1
c-1121,2
cf-100/1,1
eo-83020,1
aho001,1
dm11r22.5,1
1000-5ax,1
a-5330-s,2
d006,1
c-30400/1,2
93369971,1
p1540cip5500usr,1
17032,0
wk-58,0
17063,0
dtx-188,1
w-1265,1
17522,0
sk023,0
bto015,1
96407820,1
ss02,3
sk-823a,3
17927,0
op-011,1
mpr1,2
332152,2
wpt-166va,1
tks58-31k,1
schd-483,1
36473633,1
ctx-174a,2
082966304,1
41801-59j10,3
skki-016,1
c-2103,2
sk013,2
tki004,1
48072,2
ef-13180,2
mi003,2
17317,0
54660-c7200,2
mi-501,2
rov530025,1
pu-707x,0
srto005,1
c-1147,2
re-014,2
as237sp-m1,1
4106861j00,3
bto012,2
thy004,1
to-027,2
ca-28380,1
54650-4n000,2
a-1840-s,2
341138,1
rov1030sn100,1
t036,2
w-917,2
rxfc113641b,2
dttmlt265/70r17,2
11666,1
c-1328,3
t1108,1
20360fa040,2
884558,2
c-20325/2,2
d04a34700c,1
dtt225/65r17,3
c-5816,3
a-5675-s,2
aty009,0
rxfc113640b,2
eo-18230,2
c-18450/2,1
3461-8576skr,1
t1002,1
eo-2623,2
pp10405500,2
scki-349,1
18057,3
48510-0d591,3
sk-1043,2
90904862,3
54650-b4000,3
ca-11390,1
485300d330,3
ani005,1
a-7620-s,3
17632,3
tkl4075c,0
cf-1652,2
54650-g6250,2
dt-100v,3
k008,1
af6600/1f,1
tto007,1
333741,2
eo-6507,2
ami001,1
as-5412,0
mb-025381,3
c-2807,2
a-5903,3
a-1178,1
g20w50100,2
thy010,0
hy003,3
h80900100,1
eni008,0
sfc-5706,1
17037,2
a-33411,3
tto014,0
ato-001,2
a-17860,3
bni002,1
48991,3
fc-1002,2
a-28990,1
c-31070,2
cf-2135,3
opt-010,2
t037,1
b1001,0
48531-b4010,0
fs-8007,0
a-5568-s,3
