Descripcion,mes,value,year,fecha
Neumáticos,1,28939278.93,2016,2016-01-01
Lubricantes,1,17326493.970000003,2016,2016-01-01
Partes de Motor,1,20745067.299999997,2016,2016-01-01
Filtros,1,9440784.7,2016,2016-01-01
Otros consumibles,1,9496010.27,2016,2016-01-01
Partes eléctricas,1,6711027.060000001,2016,2016-01-01
Sistema de transmisión,1,5446141.680000001,2016,2016-01-01
Partes de carrocería,1,5724765.58,2016,2016-01-01
Sistema de frenos,1,3120595.5300000003,2016,2016-01-01
Baterías,1,3034795.55,2016,2016-01-01
Sistema de suspensión,1,2475971.56,2016,2016-01-01
Accesorios,1,2266551.86,2016,2016-01-01
Ruedas y sus partes,1,2211418.38,2016,2016-01-01
Productos de caucho,1,1498657.5499999998,2016,2016-01-01
Sistema de dirección,1,1648735.24,2016,2016-01-01
Sistema de enfriamiento,1,893063.6,2016,2016-01-01
Ejes y diferencial,1,730294.1399999999,2016,2016-01-01
Sistema de escape,1,331485.59,2016,2016-01-01
Neumáticos,2,34531072.050000004,2016,2016-02-01
Lubricantes,2,21825762.49,2016,2016-02-01
Partes de Motor,2,17662143.639999997,2016,2016-02-01
Filtros,2,8524450.530000001,2016,2016-02-01
Otros consumibles,2,6558627.699999998,2016,2016-02-01
Partes eléctricas,2,5394041.01,2016,2016-02-01
Sistema de transmisión,2,4397926.289999999,2016,2016-02-01
Partes de carrocería,2,4504539.42,2016,2016-02-01
Sistema de frenos,2,2821953.64,2016,2016-02-01
Baterías,2,1923435.42,2016,2016-02-01
Sistema de suspensión,2,2163862.19,2016,2016-02-01
Accesorios,2,2103061.97,2016,2016-02-01
Ruedas y sus partes,2,1439949.35,2016,2016-02-01
Productos de caucho,2,1601373.37,2016,2016-02-01
Sistema de dirección,2,1122797.43,2016,2016-02-01
Sistema de enfriamiento,2,726710.5499999999,2016,2016-02-01
Ejes y diferencial,2,594637.86,2016,2016-02-01
Sistema de escape,2,417333.68,2016,2016-02-01
Neumáticos,3,29020374.640000004,2016,2016-03-01
Lubricantes,3,22060959.130000003,2016,2016-03-01
Partes de Motor,3,18858944.35,2016,2016-03-01
Filtros,3,10623270.74,2016,2016-03-01
Otros consumibles,3,7309652.57,2016,2016-03-01
Partes eléctricas,3,4611063.19,2016,2016-03-01
Sistema de transmisión,3,4419227.1899999995,2016,2016-03-01
Partes de carrocería,3,5613821.849999999,2016,2016-03-01
Sistema de frenos,3,2574873.05,2016,2016-03-01
Baterías,3,2047992.24,2016,2016-03-01
Sistema de suspensión,3,2415552.12,2016,2016-03-01
Accesorios,3,2220660.77,2016,2016-03-01
Ruedas y sus partes,3,1580289.6,2016,2016-03-01
Productos de caucho,3,1286675.71,2016,2016-03-01
Sistema de dirección,3,1049109.49,2016,2016-03-01
Sistema de enfriamiento,3,733498.86,2016,2016-03-01
Ejes y diferencial,3,657415.2,2016,2016-03-01
Sistema de escape,3,508310.86,2016,2016-03-01
Neumáticos,4,33971793.99000003,2016,2016-04-01
Lubricantes,4,23783691.450000014,2016,2016-04-01
Partes de Motor,4,17430539.300000016,2016,2016-04-01
Filtros,4,11861681.45999999,2016,2016-04-01
Otros consumibles,4,7726021.209999999,2016,2016-04-01
Partes eléctricas,4,4157780.8400000082,2016,2016-04-01
Sistema de transmisión,4,5942205.410000008,2016,2016-04-01
Partes de carrocería,4,4028867.069999999,2016,2016-04-01
Sistema de frenos,4,2571246.660000004,2016,2016-04-01
Baterías,4,2124121.4799999986,2016,2016-04-01
Sistema de suspensión,4,2521106.829999995,2016,2016-04-01
Accesorios,4,1536291.3800000008,2016,2016-04-01
Ruedas y sus partes,4,1325565.509999999,2016,2016-04-01
Productos de caucho,4,1628044.6,2016,2016-04-01
Sistema de dirección,4,1020076.7700000005,2016,2016-04-01
Sistema de enfriamiento,4,555895.0899999997,2016,2016-04-01
Ejes y diferencial,4,791419.4600000014,2016,2016-04-01
Sistema de escape,4,670681.8499999994,2016,2016-04-01
Neumáticos,5,36038329.34999999,2016,2016-05-01
Lubricantes,5,17722265.869999994,2016,2016-05-01
Partes de Motor,5,19361364.02000001,2016,2016-05-01
Filtros,5,8499105.050000006,2016,2016-05-01
Otros consumibles,5,8602864.059999986,2016,2016-05-01
Partes eléctricas,5,5371489.239999999,2016,2016-05-01
Sistema de transmisión,5,4252538.979999999,2016,2016-05-01
Partes de carrocería,5,4096664.39,2016,2016-05-01
Sistema de frenos,5,3121319.950000002,2016,2016-05-01
Baterías,5,2376212.0600000033,2016,2016-05-01
Sistema de suspensión,5,1863660.4600000018,2016,2016-05-01
Accesorios,5,2181246.270000001,2016,2016-05-01
Ruedas y sus partes,5,2232599.190000004,2016,2016-05-01
Productos de caucho,5,1213950.7999999998,2016,2016-05-01
Sistema de dirección,5,1278799.1899999995,2016,2016-05-01
Sistema de enfriamiento,5,572725.6600000003,2016,2016-05-01
Ejes y diferencial,5,621783.199999999,2016,2016-05-01
Sistema de escape,5,440277.89999999944,2016,2016-05-01
Neumáticos,6,31428638.9,2016,2016-06-01
Lubricantes,6,21301117.71,2016,2016-06-01
Partes de Motor,6,18158602.890000004,2016,2016-06-01
Filtros,6,9324414.469999999,2016,2016-06-01
Otros consumibles,6,7584138.15,2016,2016-06-01
Partes eléctricas,6,5308306.87,2016,2016-06-01
Sistema de transmisión,6,4159362.24,2016,2016-06-01
Partes de carrocería,6,4615243.78,2016,2016-06-01
Sistema de frenos,6,2306121.2,2016,2016-06-01
Baterías,6,2531441.53,2016,2016-06-01
Sistema de suspensión,6,1701811.8699999999,2016,2016-06-01
Accesorios,6,1756200.75,2016,2016-06-01
Ruedas y sus partes,6,1769489.53,2016,2016-06-01
Productos de caucho,6,1538829.7999999998,2016,2016-06-01
Sistema de dirección,6,969190.8200000001,2016,2016-06-01
Sistema de enfriamiento,6,623572.21,2016,2016-06-01
Ejes y diferencial,6,606758.71,2016,2016-06-01
Sistema de escape,6,273189.97,2016,2016-06-01
Neumáticos,7,35176849.76,2016,2016-07-01
Lubricantes,7,20499018.39,2016,2016-07-01
Partes de Motor,7,18711953.34,2016,2016-07-01
Filtros,7,11118024.270000001,2016,2016-07-01
Otros consumibles,7,6989926.589999999,2016,2016-07-01
Partes eléctricas,7,6077268.97,2016,2016-07-01
Sistema de transmisión,7,4479784.83,2016,2016-07-01
Partes de carrocería,7,5193367.709999999,2016,2016-07-01
Sistema de frenos,7,2730209.26,2016,2016-07-01
Baterías,7,2968638.2600000002,2016,2016-07-01
Sistema de suspensión,7,2487952.1100000003,2016,2016-07-01
Accesorios,7,1928754.53,2016,2016-07-01
Ruedas y sus partes,7,1381867.1,2016,2016-07-01
Productos de caucho,7,1219952.96,2016,2016-07-01
Sistema de dirección,7,1357291.45,2016,2016-07-01
Sistema de enfriamiento,7,597910.89,2016,2016-07-01
Ejes y diferencial,7,1042307.1499999999,2016,2016-07-01
Sistema de escape,7,525659.34,2016,2016-07-01
Neumáticos,8,37253333.64,2016,2016-08-01
Lubricantes,8,22312637.340000004,2016,2016-08-01
Partes de Motor,8,19998640.520000007,2016,2016-08-01
Filtros,8,10940894.83,2016,2016-08-01
Otros consumibles,8,8099588.2,2016,2016-08-01
Partes eléctricas,8,6169755.24,2016,2016-08-01
Sistema de transmisión,8,8344531.47,2016,2016-08-01
Partes de carrocería,8,6096755.550000001,2016,2016-08-01
Sistema de frenos,8,3197833.2600000002,2016,2016-08-01
Baterías,8,3537733.87,2016,2016-08-01
Sistema de suspensión,8,2624243.65,2016,2016-08-01
Accesorios,8,2540932.36,2016,2016-08-01
Ruedas y sus partes,8,1525128.45,2016,2016-08-01
Productos de caucho,8,1443041.9899999998,2016,2016-08-01
Sistema de dirección,8,1195640.71,2016,2016-08-01
Sistema de enfriamiento,8,723659.85,2016,2016-08-01
Ejes y diferencial,8,628078.83,2016,2016-08-01
Sistema de escape,8,396874.82,2016,2016-08-01
Neumáticos,9,32314831.260000005,2016,2016-09-01
Lubricantes,9,18719212.95,2016,2016-09-01
Partes de Motor,9,22311823.190000005,2016,2016-09-01
Filtros,9,16701855.73,2016,2016-09-01
Otros consumibles,9,8867740.25,2016,2016-09-01
Partes eléctricas,9,5653118.9399999995,2016,2016-09-01
Sistema de transmisión,9,4874485.29,2016,2016-09-01
Partes de carrocería,9,5186564.569999999,2016,2016-09-01
Sistema de frenos,9,3231525.91,2016,2016-09-01
Baterías,9,3056535.65,2016,2016-09-01
Sistema de suspensión,9,2471509.04,2016,2016-09-01
Accesorios,9,2715321.7199999997,2016,2016-09-01
Ruedas y sus partes,9,1717352.59,2016,2016-09-01
Productos de caucho,9,1782816.05,2016,2016-09-01
Sistema de dirección,9,1148136.31,2016,2016-09-01
Sistema de enfriamiento,9,861600.97,2016,2016-09-01
Ejes y diferencial,9,503557.91000000003,2016,2016-09-01
Sistema de escape,9,519799.52,2016,2016-09-01
Neumáticos,10,28842048.009999998,2016,2016-10-01
Lubricantes,10,21171607.599999998,2016,2016-10-01
Partes de Motor,10,18712553.61,2016,2016-10-01
Filtros,10,10619570.75,2016,2016-10-01
Otros consumibles,10,8053618.210000001,2016,2016-10-01
Partes eléctricas,10,6015979.4,2016,2016-10-01
Sistema de transmisión,10,4964597.19,2016,2016-10-01
Partes de carrocería,10,4869138.94,2016,2016-10-01
Sistema de frenos,10,2963353.9,2016,2016-10-01
Baterías,10,3323851.07,2016,2016-10-01
Sistema de suspensión,10,2398418.83,2016,2016-10-01
Accesorios,10,2763101.37,2016,2016-10-01
Ruedas y sus partes,10,1328817.3,2016,2016-10-01
Productos de caucho,10,1465506.6199999999,2016,2016-10-01
Sistema de dirección,10,884136.64,2016,2016-10-01
Sistema de enfriamiento,10,622814.89,2016,2016-10-01
Ejes y diferencial,10,595227.2,2016,2016-10-01
Sistema de escape,10,353086.11,2016,2016-10-01
Neumáticos,11,32739020.240000002,2016,2016-11-01
Lubricantes,11,27562025.68,2016,2016-11-01
Partes de Motor,11,19215411.609999996,2016,2016-11-01
Filtros,11,9433372.73,2016,2016-11-01
Otros consumibles,11,8686659.49,2016,2016-11-01
Partes eléctricas,11,5467355.0600000005,2016,2016-11-01
Sistema de transmisión,11,5161315.2700000005,2016,2016-11-01
Partes de carrocería,11,4766669.57,2016,2016-11-01
Sistema de frenos,11,2578926.8,2016,2016-11-01
Baterías,11,3198133.0500000003,2016,2016-11-01
Sistema de suspensión,11,2336599.69,2016,2016-11-01
Accesorios,11,3094662.2699999996,2016,2016-11-01
Ruedas y sus partes,11,1859593.03,2016,2016-11-01
Productos de caucho,11,1548652.27,2016,2016-11-01
Sistema de dirección,11,1442047.82,2016,2016-11-01
Sistema de enfriamiento,11,663589.1699999999,2016,2016-11-01
Ejes y diferencial,11,763265.65,2016,2016-11-01
Sistema de escape,11,420722.59,2016,2016-11-01
Neumáticos,12,40138747.73999999,2016,2016-12-01
Lubricantes,12,22498413.28,2016,2016-12-01
Partes de Motor,12,19834269.759999998,2016,2016-12-01
Filtros,12,11263770.2,2016,2016-12-01
Otros consumibles,12,7542369.35,2016,2016-12-01
Partes eléctricas,12,5727935.350000001,2016,2016-12-01
Sistema de transmisión,12,4371368.99,2016,2016-12-01
Partes de carrocería,12,4690918.39,2016,2016-12-01
Sistema de frenos,12,3096580.54,2016,2016-12-01
Baterías,12,2886579.58,2016,2016-12-01
Sistema de suspensión,12,2410811.59,2016,2016-12-01
Accesorios,12,2551348.0500000003,2016,2016-12-01
Ruedas y sus partes,12,2074559.72,2016,2016-12-01
Productos de caucho,12,1484211.02,2016,2016-12-01
Sistema de dirección,12,1269840.52,2016,2016-12-01
Sistema de enfriamiento,12,675297.62,2016,2016-12-01
Ejes y diferencial,12,703935.32,2016,2016-12-01
Sistema de escape,12,456585.8,2016,2016-12-01
Neumáticos,1,32348409.70599995,2018,2018-01-01
Lubricantes,1,22381026.60599989,2018,2018-01-01
Partes de Motor,1,26502198.028999798,2018,2018-01-01
Filtros,1,12305117.779999992,2018,2018-01-01
Otros consumibles,1,8086161.180000026,2018,2018-01-01
Sistema de transmisión,1,6087903.800999961,2018,2018-01-01
Partes eléctricas,1,7096818.038999953,2018,2018-01-01
Partes de carrocería,1,5624258.844000041,2018,2018-01-01
Baterías,1,3964126.0279999953,2018,2018-01-01
Sistema de frenos,1,3498362.0170000023,2018,2018-01-01
Sistema de suspensión,1,3372459.647000004,2018,2018-01-01
Accesorios,1,2912924.3900000006,2018,2018-01-01
Productos de caucho,1,2055746.072999991,2018,2018-01-01
Ruedas y sus partes,1,1416737.7629999984,2018,2018-01-01
Sistema de dirección,1,1673405.2939999974,2018,2018-01-01
Ejes y diferencial,1,1255163.8260000004,2018,2018-01-01
Sistema de enfriamiento,1,1037638.3429999984,2018,2018-01-01
Sistema de escape,1,521685.90999999945,2018,2018-01-01
Neumáticos,2,30802207.379999883,2018,2018-02-01
Lubricantes,2,19470075.472000048,2018,2018-02-01
Partes de Motor,2,20610712.782000106,2018,2018-02-01
Filtros,2,8238017.537000024,2018,2018-02-01
Otros consumibles,2,8056160.92599998,2018,2018-02-01
Sistema de transmisión,2,6620233.984999979,2018,2018-02-01
Partes eléctricas,2,6410259.038999992,2018,2018-02-01
Partes de carrocería,2,4200566.298999963,2018,2018-02-01
Baterías,2,2826102.738000004,2018,2018-02-01
Sistema de frenos,2,2851634.2020000056,2018,2018-02-01
Sistema de suspensión,2,3453304.258000011,2018,2018-02-01
Accesorios,2,2059360.974000005,2018,2018-02-01
Productos de caucho,2,1778659.6700000032,2018,2018-02-01
Ruedas y sus partes,2,1333374.529,2018,2018-02-01
Sistema de dirección,2,1415833.724999998,2018,2018-02-01
Ejes y diferencial,2,848635.5290000003,2018,2018-02-01
Sistema de enfriamiento,2,1013409.0640000021,2018,2018-02-01
Sistema de escape,2,468700.3559999995,2018,2018-02-01
Neumáticos,3,35436392.9769999,2018,2018-03-01
Lubricantes,3,27247815.94600001,2018,2018-03-01
Partes de Motor,3,24501758.295999832,2018,2018-03-01
Filtros,3,10035262.882000068,2018,2018-03-01
Otros consumibles,3,9120822.33999997,2018,2018-03-01
Sistema de transmisión,3,6534414.470999982,2018,2018-03-01
Partes eléctricas,3,6716237.638999982,2018,2018-03-01
Partes de carrocería,3,4922631.741999963,2018,2018-03-01
Baterías,3,2859932.6489999983,2018,2018-03-01
Sistema de frenos,3,2781059.6539999996,2018,2018-03-01
Sistema de suspensión,3,2896614.737000008,2018,2018-03-01
Accesorios,3,2811642.5280000046,2018,2018-03-01
Productos de caucho,3,1820995.1789999933,2018,2018-03-01
Ruedas y sus partes,3,2198706.509999997,2018,2018-03-01
Sistema de dirección,3,1338381.8679999989,2018,2018-03-01
Ejes y diferencial,3,1119102.8849999993,2018,2018-03-01
Sistema de enfriamiento,3,828061.0839999991,2018,2018-03-01
Sistema de escape,3,641374.0240000004,2018,2018-03-01
Neumáticos,4,37374943.842000075,2018,2018-04-01
Lubricantes,4,25718254.637,2018,2018-04-01
Partes de Motor,4,22344680.869999778,2018,2018-04-01
Filtros,4,9373170.760999905,2018,2018-04-01
Otros consumibles,4,8521607.197999967,2018,2018-04-01
Sistema de transmisión,4,6939739.645,2018,2018-04-01
Partes eléctricas,4,5328620.291000004,2018,2018-04-01
Partes de carrocería,4,5557965.787000015,2018,2018-04-01
Baterías,4,3490956.121000002,2018,2018-04-01
Sistema de frenos,4,3039327.0659999987,2018,2018-04-01
Sistema de suspensión,4,2355146.8930000216,2018,2018-04-01
Accesorios,4,2435260.775999995,2018,2018-04-01
Productos de caucho,4,2024868.0599999956,2018,2018-04-01
Ruedas y sus partes,4,1452679.75,2018,2018-04-01
Sistema de dirección,4,1287200.5069999984,2018,2018-04-01
Ejes y diferencial,4,952931.126,2018,2018-04-01
Sistema de enfriamiento,4,776375.103,2018,2018-04-01
Sistema de escape,4,570464.4960000005,2018,2018-04-01
Neumáticos,5,35604744.96699997,2018,2018-05-01
Lubricantes,5,36870201.01500002,2018,2018-05-01
Partes de Motor,5,24198923.94999961,2018,2018-05-01
Filtros,5,11073848.57900004,2018,2018-05-01
Otros consumibles,5,9620978.25200006,2018,2018-05-01
Sistema de transmisión,5,7177390.960999996,2018,2018-05-01
Partes eléctricas,5,7198901.598999974,2018,2018-05-01
Partes de carrocería,5,5507009.850999957,2018,2018-05-01
Baterías,5,3590009.975000002,2018,2018-05-01
Sistema de frenos,5,3067095.449000005,2018,2018-05-01
Sistema de suspensión,5,2666664.1030000034,2018,2018-05-01
Accesorios,5,2367377.626000003,2018,2018-05-01
Productos de caucho,5,2297078.2069999985,2018,2018-05-01
Ruedas y sus partes,5,2154869.6769999964,2018,2018-05-01
Sistema de dirección,5,1267205.5729999985,2018,2018-05-01
Ejes y diferencial,5,935244.8779999997,2018,2018-05-01
Sistema de enfriamiento,5,898453.4860000019,2018,2018-05-01
Sistema de escape,5,461722.2679999996,2018,2018-05-01
Neumáticos,6,40789411.66599985,2018,2018-06-01
Lubricantes,6,27313876.897000063,2018,2018-06-01
Partes de Motor,6,25203917.233999845,2018,2018-06-01
Filtros,6,10274623.970000057,2018,2018-06-01
Otros consumibles,6,9334791.648000034,2018,2018-06-01
Sistema de transmisión,6,5425493.564999975,2018,2018-06-01
Partes eléctricas,6,5305418.769999966,2018,2018-06-01
Partes de carrocería,6,5750818.113999958,2018,2018-06-01
Baterías,6,4117291.5010000016,2018,2018-06-01
Sistema de frenos,6,3426256.4980000006,2018,2018-06-01
Sistema de suspensión,6,2399430.261000012,2018,2018-06-01
Accesorios,6,2211743.3829999967,2018,2018-06-01
Productos de caucho,6,1798493.9020000016,2018,2018-06-01
Ruedas y sus partes,6,2121207.2560000042,2018,2018-06-01
Sistema de dirección,6,1359664.857,2018,2018-06-01
Ejes y diferencial,6,969299.8099999997,2018,2018-06-01
Sistema de enfriamiento,6,886681.8049999997,2018,2018-06-01
Sistema de escape,6,525314.7359999998,2018,2018-06-01
Neumáticos,7,38143039.22500008,2018,2018-07-01
Lubricantes,7,27318130.697999936,2018,2018-07-01
Partes de Motor,7,22483221.02800003,2018,2018-07-01
Filtros,7,10132574.688000036,2018,2018-07-01
Otros consumibles,7,9217438.99400002,2018,2018-07-01
Sistema de transmisión,7,6682899.693000004,2018,2018-07-01
Partes eléctricas,7,6531960.461000018,2018,2018-07-01
Partes de carrocería,7,5284400.296000014,2018,2018-07-01
Baterías,7,3642041.249999996,2018,2018-07-01
Sistema de frenos,7,3253234.158000007,2018,2018-07-01
Sistema de suspensión,7,3165463.721999998,2018,2018-07-01
Accesorios,7,3081876.2340000034,2018,2018-07-01
Productos de caucho,7,1776648.242,2018,2018-07-01
Ruedas y sus partes,7,1578488.1670000043,2018,2018-07-01
Sistema de dirección,7,1518804.0089999952,2018,2018-07-01
Ejes y diferencial,7,663954.8170000009,2018,2018-07-01
Sistema de enfriamiento,7,763306.2219999994,2018,2018-07-01
Sistema de escape,7,514266.14400000003,2018,2018-07-01
Neumáticos,8,47526656.75700008,2018,2018-08-01
Lubricantes,8,33075898.513999954,2018,2018-08-01
Partes de Motor,8,25200137.644999895,2018,2018-08-01
Filtros,8,11609888.61199996,2018,2018-08-01
Otros consumibles,8,9220615.557999976,2018,2018-08-01
Sistema de transmisión,8,7392266.536999982,2018,2018-08-01
Partes eléctricas,8,7095883.786,2018,2018-08-01
Partes de carrocería,8,6548978.819000045,2018,2018-08-01
Baterías,8,4483063.986000006,2018,2018-08-01
Sistema de frenos,8,3576373.58599998,2018,2018-08-01
Sistema de suspensión,8,2841655.121999979,2018,2018-08-01
Accesorios,8,2106232.577000002,2018,2018-08-01
Productos de caucho,8,1896454.887000003,2018,2018-08-01
Ruedas y sus partes,8,2225473.7609999897,2018,2018-08-01
Sistema de dirección,8,1590641.8249999948,2018,2018-08-01
Ejes y diferencial,8,893089.3160000005,2018,2018-08-01
Sistema de enfriamiento,8,781026.424,2018,2018-08-01
Sistema de escape,8,729176.654,2018,2018-08-01
Neumáticos,9,44447597.76000008,2018,2018-09-01
Lubricantes,9,30270774.03299997,2018,2018-09-01
Partes de Motor,9,24987513.13600011,2018,2018-09-01
Filtros,9,11069315.771999944,2018,2018-09-01
Otros consumibles,9,9618902.244000047,2018,2018-09-01
Sistema de transmisión,9,5459481.506000006,2018,2018-09-01
Partes eléctricas,9,6547080.589999997,2018,2018-09-01
Partes de carrocería,9,5316417.301999989,2018,2018-09-01
Baterías,9,3756663.2649999997,2018,2018-09-01
Sistema de frenos,9,2999831.504999989,2018,2018-09-01
Sistema de suspensión,9,2603387.694000008,2018,2018-09-01
Accesorios,9,2645161.708000001,2018,2018-09-01
Productos de caucho,9,2032414.1399999992,2018,2018-09-01
Ruedas y sus partes,9,1282547.3929999946,2018,2018-09-01
Sistema de dirección,9,1571158.9699999993,2018,2018-09-01
Ejes y diferencial,9,894960.3410000011,2018,2018-09-01
Sistema de enfriamiento,9,1114532.877000001,2018,2018-09-01
Sistema de escape,9,449166.8569999992,2018,2018-09-01
Neumáticos,10,37202201.36199999,2018,2018-10-01
Lubricantes,10,31626544.08400002,2018,2018-10-01
Partes de Motor,10,24277101.213999983,2018,2018-10-01
Filtros,10,12883707.665000033,2018,2018-10-01
Otros consumibles,10,10624278.410999978,2018,2018-10-01
Sistema de transmisión,10,9559396.431000002,2018,2018-10-01
Partes eléctricas,10,7504598.433000014,2018,2018-10-01
Partes de carrocería,10,6245514.503999973,2018,2018-10-01
Baterías,10,3811511.304000006,2018,2018-10-01
Sistema de frenos,10,4247475.532999995,2018,2018-10-01
Sistema de suspensión,10,3326576.8170000175,2018,2018-10-01
Accesorios,10,2871306.7220000015,2018,2018-10-01
Productos de caucho,10,3119002.4450000096,2018,2018-10-01
Ruedas y sus partes,10,1622587.6079999977,2018,2018-10-01
Sistema de dirección,10,1447238.5889999995,2018,2018-10-01
Ejes y diferencial,10,920933.2239999978,2018,2018-10-01
Sistema de enfriamiento,10,756234.4869999996,2018,2018-10-01
Sistema de escape,10,391253.6609999999,2018,2018-10-01
Neumáticos,11,35681760.48599985,2018,2018-11-01
Lubricantes,11,24164412.51200003,2018,2018-11-01
Partes de Motor,11,24637012.51500005,2018,2018-11-01
Filtros,11,10952045.07900008,2018,2018-11-01
Otros consumibles,11,10705787.69700004,2018,2018-11-01
Sistema de transmisión,11,7185772.675999981,2018,2018-11-01
Partes eléctricas,11,6378033.675000033,2018,2018-11-01
Partes de carrocería,11,5073649.726000004,2018,2018-11-01
Baterías,11,4442563.979000009,2018,2018-11-01
Sistema de frenos,11,4006325.4069999983,2018,2018-11-01
Sistema de suspensión,11,2766611.792999986,2018,2018-11-01
Accesorios,11,3243343.362000005,2018,2018-11-01
Productos de caucho,11,1796846.7860000029,2018,2018-11-01
Ruedas y sus partes,11,2039695.0299999968,2018,2018-11-01
Sistema de dirección,11,1223212.0980000033,2018,2018-11-01
Ejes y diferencial,11,1211068.8619999995,2018,2018-11-01
Sistema de enfriamiento,11,930631.0060000009,2018,2018-11-01
Sistema de escape,11,518984.92499999993,2018,2018-11-01
Neumáticos,12,30193293.373999875,2018,2018-12-01
Lubricantes,12,19357040.390999995,2018,2018-12-01
Partes de Motor,12,23288771.472000126,2018,2018-12-01
Filtros,12,10597205.341000121,2018,2018-12-01
Otros consumibles,12,9047695.696999995,2018,2018-12-01
Sistema de transmisión,12,5851223.533000026,2018,2018-12-01
Partes eléctricas,12,5180082.685999993,2018,2018-12-01
Partes de carrocería,12,4664627.642999969,2018,2018-12-01
Baterías,12,3083751.8490000083,2018,2018-12-01
Sistema de frenos,12,3167081.6559999976,2018,2018-12-01
Sistema de suspensión,12,2561551.886000008,2018,2018-12-01
Accesorios,12,2268939.6629999983,2018,2018-12-01
Productos de caucho,12,2374817.442000001,2018,2018-12-01
Ruedas y sus partes,12,1338136.0710000044,2018,2018-12-01
Sistema de dirección,12,1340890.942000003,2018,2018-12-01
Ejes y diferencial,12,1067346.087000002,2018,2018-12-01
Sistema de enfriamiento,12,993617.1720000017,2018,2018-12-01
Sistema de escape,12,525803.6549999997,2018,2018-12-01
Neumáticos,1,40723531.51200004,2019,2019-01-01
Partes de Motor,1,25709377.897999696,2019,2019-01-01
Lubricantes,1,24526507.096000034,2019,2019-01-01
Filtros,1,12058390.982000034,2019,2019-01-01
Otros consumibles,1,10546754.898999974,2019,2019-01-01
Sistema de transmisión,1,7971664.721999996,2019,2019-01-01
Partes eléctricas,1,6825599.8549999865,2019,2019-01-01
Partes de carrocería,1,5845170.769999979,2019,2019-01-01
Sistema de frenos,1,4448991.138999999,2019,2019-01-01
Baterías,1,3365282.517000002,2019,2019-01-01
Sistema de suspensión,1,3453309.4939999836,2019,2019-01-01
Accesorios,1,2686230.3899999997,2019,2019-01-01
Productos de caucho,1,2074357.7519999992,2019,2019-01-01
Ejes y diferencial,1,1608922.6979999996,2019,2019-01-01
Ruedas y sus partes,1,1662552.8480000023,2019,2019-01-01
Sistema de dirección,1,1614291.4700000002,2019,2019-01-01
Sistema de enfriamiento,1,1075499.2629999996,2019,2019-01-01
Sistema de escape,1,811735.0330000003,2019,2019-01-01
Neumáticos,2,30248152.938000005,2019,2019-02-01
Partes de Motor,2,22614955.02099989,2019,2019-02-01
Lubricantes,2,19941888.887999993,2019,2019-02-01
Filtros,2,11184882.563000042,2019,2019-02-01
Otros consumibles,2,8446343.653000012,2019,2019-02-01
Sistema de transmisión,2,4633155.786999996,2019,2019-02-01
Partes eléctricas,2,6754364.2440000875,2019,2019-02-01
Partes de carrocería,2,4819852.869999986,2019,2019-02-01
Sistema de frenos,2,3220067.0499999984,2019,2019-02-01
Baterías,2,3235196.8730000034,2019,2019-02-01
Sistema de suspensión,2,2318997.828000003,2019,2019-02-01
Accesorios,2,2129727.8889999976,2019,2019-02-01
Productos de caucho,2,2051207.0860000008,2019,2019-02-01
Ejes y diferencial,2,914079.137,2019,2019-02-01
Ruedas y sus partes,2,1463636.7659999977,2019,2019-02-01
Sistema de dirección,2,1379534.9429999993,2019,2019-02-01
Sistema de enfriamiento,2,782429.2720000008,2019,2019-02-01
Sistema de escape,2,407384.0090000004,2019,2019-02-01
Neumáticos,3,31559286.86599996,2019,2019-03-01
Partes de Motor,3,20463361.36200001,2019,2019-03-01
Lubricantes,3,22888907.263999935,2019,2019-03-01
Filtros,3,10892897.282999985,2019,2019-03-01
Otros consumibles,3,9322791.35700001,2019,2019-03-01
Sistema de transmisión,3,5667451.539000015,2019,2019-03-01
Partes eléctricas,3,5063480.074000005,2019,2019-03-01
Partes de carrocería,3,5345001.009999899,2019,2019-03-01
Sistema de frenos,3,2844457.839999999,2019,2019-03-01
Baterías,3,3391806.565999997,2019,2019-03-01
Sistema de suspensión,3,2824123.9199999953,2019,2019-03-01
Accesorios,3,2201942.6699999943,2019,2019-03-01
Productos de caucho,3,1848722.3969999957,2019,2019-03-01
Ejes y diferencial,3,694607.3650000006,2019,2019-03-01
Ruedas y sus partes,3,1584468.3380000014,2019,2019-03-01
Sistema de dirección,3,1328907.2129999998,2019,2019-03-01
Sistema de enfriamiento,3,1000449.3560000012,2019,2019-03-01
Sistema de escape,3,528200.3249999996,2019,2019-03-01
Neumáticos,4,33497838.583000004,2019,2019-04-01
Partes de Motor,4,19552750.566000044,2019,2019-04-01
Lubricantes,4,25526342.126999985,2019,2019-04-01
Filtros,4,9169733.107000042,2019,2019-04-01
Otros consumibles,4,8002893.511000026,2019,2019-04-01
Sistema de transmisión,4,4964666.897000011,2019,2019-04-01
Partes eléctricas,4,5012653.398000006,2019,2019-04-01
Partes de carrocería,4,4671351.698000063,2019,2019-04-01
Sistema de frenos,4,3474350.7059999993,2019,2019-04-01
Baterías,4,3348241.079000001,2019,2019-04-01
Sistema de suspensión,4,3009270.173000004,2019,2019-04-01
Accesorios,4,2077025.7869999965,2019,2019-04-01
Productos de caucho,4,1652936.7339999983,2019,2019-04-01
Ejes y diferencial,4,809299.8989999987,2019,2019-04-01
Ruedas y sus partes,4,1704377.0339999981,2019,2019-04-01
Sistema de dirección,4,1171716.0329999982,2019,2019-04-01
Sistema de enfriamiento,4,884610.2750000005,2019,2019-04-01
Sistema de escape,4,362994.7700000004,2019,2019-04-01
Neumáticos,5,43179794.53299996,2019,2019-05-01
Partes de Motor,5,25790383.47699993,2019,2019-05-01
Lubricantes,5,28521448.863999944,2019,2019-05-01
Filtros,5,10352680.203000033,2019,2019-05-01
Otros consumibles,5,9535527.01199993,2019,2019-05-01
Sistema de transmisión,5,5872302.262000004,2019,2019-05-01
Partes eléctricas,5,6381401.894000022,2019,2019-05-01
Partes de carrocería,5,5519338.97399997,2019,2019-05-01
Sistema de frenos,5,3466781.5189999947,2019,2019-05-01
Baterías,5,4463587.006999999,2019,2019-05-01
Sistema de suspensión,5,2784894.036999987,2019,2019-05-01
Accesorios,5,2543607.790000003,2019,2019-05-01
Productos de caucho,5,1691638.6319999972,2019,2019-05-01
Ejes y diferencial,5,1313132.9340000013,2019,2019-05-01
Ruedas y sus partes,5,1478207.2079999978,2019,2019-05-01
Sistema de dirección,5,1095539.9279999973,2019,2019-05-01
Sistema de enfriamiento,5,948690.5860000012,2019,2019-05-01
Sistema de escape,5,527920.5380000006,2019,2019-05-01
Neumáticos,6,43315317.623000085,2019,2019-06-01
Partes de Motor,6,22085871.51799996,2019,2019-06-01
Lubricantes,6,28338211.575000025,2019,2019-06-01
Filtros,6,9682165.375000015,2019,2019-06-01
Otros consumibles,6,8034887.951000011,2019,2019-06-01
Sistema de transmisión,6,5780444.216999992,2019,2019-06-01
Partes eléctricas,6,6174845.628000021,2019,2019-06-01
Partes de carrocería,6,4868721.474999989,2019,2019-06-01
Sistema de frenos,6,3164425.0950000067,2019,2019-06-01
Baterías,6,2487246.8399999985,2019,2019-06-01
Sistema de suspensión,6,2577061.381000002,2019,2019-06-01
Accesorios,6,2530726.9790000003,2019,2019-06-01
Productos de caucho,6,2222790.0309999967,2019,2019-06-01
Ejes y diferencial,6,826568.9569999982,2019,2019-06-01
Ruedas y sus partes,6,1749170.8260000008,2019,2019-06-01
Sistema de dirección,6,1053092.5590000001,2019,2019-06-01
Sistema de enfriamiento,6,818927.2269999995,2019,2019-06-01
Sistema de escape,6,378623.19000000024,2019,2019-06-01
Neumáticos,7,41259322.63600003,2019,2019-07-01
Partes de Motor,7,25131101.589999776,2019,2019-07-01
Lubricantes,7,33302589.02599999,2019,2019-07-01
Filtros,7,13045187.989000054,2019,2019-07-01
Otros consumibles,7,10058588.949000014,2019,2019-07-01
Sistema de transmisión,7,6253350.759000032,2019,2019-07-01
Partes eléctricas,7,6784864.381000012,2019,2019-07-01
Partes de carrocería,7,6184100.154000073,2019,2019-07-01
Sistema de frenos,7,4579659.143000014,2019,2019-07-01
Baterías,7,4697229.70799999,2019,2019-07-01
Sistema de suspensión,7,2793979.2249999903,2019,2019-07-01
Accesorios,7,2670438.7710000062,2019,2019-07-01
Productos de caucho,7,2828873.6339999977,2019,2019-07-01
Ejes y diferencial,7,1064053.841999999,2019,2019-07-01
Ruedas y sus partes,7,1841662.15,2019,2019-07-01
Sistema de dirección,7,1578105.8689999997,2019,2019-07-01
Sistema de enfriamiento,7,896722.0679999975,2019,2019-07-01
Sistema de escape,7,641336.4379999998,2019,2019-07-01
Neumáticos,8,41093099.92800005,2019,2019-08-01
Partes de Motor,8,27437446.67100021,2019,2019-08-01
Lubricantes,8,30139466.655999962,2019,2019-08-01
Filtros,8,11775746.525999868,2019,2019-08-01
Otros consumibles,8,9928111.412999984,2019,2019-08-01
Sistema de transmisión,8,7269700.580999957,2019,2019-08-01
Partes eléctricas,8,8409652.260999989,2019,2019-08-01
Partes de carrocería,8,5927795.677000065,2019,2019-08-01
Sistema de frenos,8,3842247.913999995,2019,2019-08-01
Baterías,8,3211856.957000006,2019,2019-08-01
Sistema de suspensión,8,3208023.4969999925,2019,2019-08-01
Accesorios,8,3013196.322999998,2019,2019-08-01
Productos de caucho,8,2112102.613,2019,2019-08-01
Ejes y diferencial,8,1117782.6539999968,2019,2019-08-01
Ruedas y sus partes,8,1582681.8949999965,2019,2019-08-01
Sistema de dirección,8,1629623.1750000005,2019,2019-08-01
Sistema de enfriamiento,8,1011005.976000002,2019,2019-08-01
Sistema de escape,8,464712.02700000035,2019,2019-08-01
Neumáticos,9,35705715.22300005,2019,2019-09-01
Partes de Motor,9,26387525.803999934,2019,2019-09-01
Lubricantes,9,21470746.101999983,2019,2019-09-01
Filtros,9,10907730.49500004,2019,2019-09-01
Otros consumibles,9,9329970.248999994,2019,2019-09-01
Sistema de transmisión,9,7167657.221999965,2019,2019-09-01
Partes eléctricas,9,6513900.711999985,2019,2019-09-01
Partes de carrocería,9,6289713.119000079,2019,2019-09-01
Sistema de frenos,9,3978734.5350000085,2019,2019-09-01
Baterías,9,3647261.006000002,2019,2019-09-01
Sistema de suspensión,9,3099707.1480000024,2019,2019-09-01
Accesorios,9,2875753.049000001,2019,2019-09-01
Productos de caucho,9,2126288.8859999976,2019,2019-09-01
Ejes y diferencial,9,855128.6889999985,2019,2019-09-01
Ruedas y sus partes,9,1864785.5609999916,2019,2019-09-01
Sistema de dirección,9,1394891.6420000035,2019,2019-09-01
Sistema de enfriamiento,9,811820.8179999999,2019,2019-09-01
Sistema de escape,9,581364.4179999995,2019,2019-09-01
Neumáticos,10,36075198.057000086,2019,2019-10-01
Partes de Motor,10,22401609.30199986,2019,2019-10-01
Lubricantes,10,25708867.03200001,2019,2019-10-01
Filtros,10,11177915.35000006,2019,2019-10-01
Otros consumibles,10,9717786.002000008,2019,2019-10-01
Sistema de transmisión,10,6786526.924999943,2019,2019-10-01
Partes eléctricas,10,6748712.396000028,2019,2019-10-01
Partes de carrocería,10,4548926.325,2019,2019-10-01
Sistema de frenos,10,3401840.177999988,2019,2019-10-01
Baterías,10,3375565.0750000025,2019,2019-10-01
Sistema de suspensión,10,2704596.8429999948,2019,2019-10-01
Accesorios,10,2409994.9069999987,2019,2019-10-01
Productos de caucho,10,1350495.8239999968,2019,2019-10-01
Ejes y diferencial,10,632630.1849999996,2019,2019-10-01
Ruedas y sus partes,10,1321499.0989999974,2019,2019-10-01
Sistema de dirección,10,1498533.2940000037,2019,2019-10-01
Sistema de enfriamiento,10,979861.8430000031,2019,2019-10-01
Sistema de escape,10,556718.4850000003,2019,2019-10-01
Neumáticos,11,37023784.157000035,2019,2019-11-01
Partes de Motor,11,22718494.849000353,2019,2019-11-01
Lubricantes,11,28787947.48699995,2019,2019-11-01
Filtros,11,11696600.764999976,2019,2019-11-01
Otros consumibles,11,9234486.081000011,2019,2019-11-01
Sistema de transmisión,11,6201337.266999994,2019,2019-11-01
Partes eléctricas,11,5735736.514999968,2019,2019-11-01
Partes de carrocería,11,4782080.878999971,2019,2019-11-01
Sistema de frenos,11,3143626.714000008,2019,2019-11-01
Baterías,11,3179101.762999999,2019,2019-11-01
Sistema de suspensión,11,2799636.523999996,2019,2019-11-01
Accesorios,11,2611792.941999998,2019,2019-11-01
Productos de caucho,11,1760079.9060000062,2019,2019-11-01
Ejes y diferencial,11,1161718.8939999982,2019,2019-11-01
Ruedas y sus partes,11,1118709.4080000008,2019,2019-11-01
Sistema de dirección,11,896760.4820000016,2019,2019-11-01
Sistema de enfriamiento,11,939962.1930000015,2019,2019-11-01
Sistema de escape,11,416722.0199999997,2019,2019-11-01
Neumáticos,12,41659562.39599992,2019,2019-12-01
Partes de Motor,12,22362713.338999867,2019,2019-12-01
Lubricantes,12,22085670.099999953,2019,2019-12-01
Filtros,12,12147212.934000054,2019,2019-12-01
Otros consumibles,12,8363328.850999984,2019,2019-12-01
Sistema de transmisión,12,6553563.337999998,2019,2019-12-01
Partes eléctricas,12,5913504.06199998,2019,2019-12-01
Partes de carrocería,12,6521219.2030000305,2019,2019-12-01
Sistema de frenos,12,3852424.7910000184,2019,2019-12-01
Baterías,12,3389960.3590000025,2019,2019-12-01
Sistema de suspensión,12,3296525.2860000073,2019,2019-12-01
Accesorios,12,2580617.641999992,2019,2019-12-01
Productos de caucho,12,1759372.0209999958,2019,2019-12-01
Ejes y diferencial,12,744840.586,2019,2019-12-01
Ruedas y sus partes,12,1374109.5329999966,2019,2019-12-01
Sistema de dirección,12,1645321.9279999977,2019,2019-12-01
Sistema de enfriamiento,12,1094090.342,2019,2019-12-01
Sistema de escape,12,315175.91799999983,2019,2019-12-01
Neumáticos,1,42227182.18699999,2020,2020-01-01
Lubricantes,1,27620231.92900001,2020,2020-01-01
Partes de Motor,1,26562404.464999672,2020,2020-01-01
Filtros,1,11332140.969000034,2020,2020-01-01
Otros consumibles,1,9689896.558000011,2020,2020-01-01
Sistema de transmisión,1,7348634.381999939,2020,2020-01-01
Partes eléctricas,1,7978629.670999973,2020,2020-01-01
Partes de carrocería,1,5743919.945000052,2020,2020-01-01
Sistema de frenos,1,4106407.664000006,2020,2020-01-01
Baterías,1,3827787.8020000057,2020,2020-01-01
Sistema de suspensión,1,2862318.4939999995,2020,2020-01-01
Accesorios,1,2486253.9499999997,2020,2020-01-01
Productos de caucho,1,2104315.5100000068,2020,2020-01-01
Ruedas y sus partes,1,1526067.3440000003,2020,2020-01-01
Sistema de dirección,1,1828623.4620000015,2020,2020-01-01
Ejes y diferencial,1,1454949.9520000005,2020,2020-01-01
Sistema de enfriamiento,1,1200065.895999999,2020,2020-01-01
Sistema de escape,1,514298.71800000034,2020,2020-01-01
Neumáticos,2,28193640.444000006,2020,2020-02-01
Lubricantes,2,19246469.741000034,2020,2020-02-01
Partes de Motor,2,22669114.332999974,2020,2020-02-01
Filtros,2,10913941.258999903,2020,2020-02-01
Otros consumibles,2,7758574.813000027,2020,2020-02-01
Sistema de transmisión,2,5547367.258999994,2020,2020-02-01
Partes eléctricas,2,6279245.146999951,2020,2020-02-01
Partes de carrocería,2,4817300.1050000135,2020,2020-02-01
Sistema de frenos,2,3332410.839000002,2020,2020-02-01
Baterías,2,2906918.5410000086,2020,2020-02-01
Sistema de suspensión,2,3075611.8779999902,2020,2020-02-01
Accesorios,2,2302485.4750000024,2020,2020-02-01
Productos de caucho,2,1730286.2249999961,2020,2020-02-01
Ruedas y sus partes,2,1898314.5360000003,2020,2020-02-01
Sistema de dirección,2,1530739.7080000017,2020,2020-02-01
Ejes y diferencial,2,1065694.5939999993,2020,2020-02-01
Sistema de enfriamiento,2,978654.869,2020,2020-02-01
Sistema de escape,2,692901.9290000008,2020,2020-02-01
Neumáticos,3,20032850.525999963,2020,2020-03-01
Lubricantes,3,25942331.454000026,2020,2020-03-01
Partes de Motor,3,14902676.910999987,2020,2020-03-01
Filtros,3,9766124.235999977,2020,2020-03-01
Otros consumibles,3,5257737.065000016,2020,2020-03-01
Sistema de transmisión,3,6602512.565999995,2020,2020-03-01
Partes eléctricas,3,3522525.1219999767,2020,2020-03-01
Partes de carrocería,3,3065837.693000003,2020,2020-03-01
Sistema de frenos,3,2327674.7100000065,2020,2020-03-01
Baterías,3,1932872.809,2020,2020-03-01
Sistema de suspensión,3,2024623.604999998,2020,2020-03-01
Accesorios,3,1919918.7310000008,2020,2020-03-01
Productos de caucho,3,1260022.2430000014,2020,2020-03-01
Ruedas y sus partes,3,1037609.5729999979,2020,2020-03-01
Sistema de dirección,3,693044.502,2020,2020-03-01
Ejes y diferencial,3,859822.4980000003,2020,2020-03-01
Sistema de enfriamiento,3,381527.23300000007,2020,2020-03-01
Sistema de escape,3,264183.0020000002,2020,2020-03-01
Neumáticos,4,30071086.519,2020,2020-04-01
Lubricantes,4,25700132.463999946,2020,2020-04-01
Partes de Motor,4,12504052.30199996,2020,2020-04-01
Filtros,4,8769316.910999982,2020,2020-04-01
Otros consumibles,4,6116746.4080000315,2020,2020-04-01
Sistema de transmisión,4,5497469.739000014,2020,2020-04-01
Partes eléctricas,4,3219998.0319999848,2020,2020-04-01
Partes de carrocería,4,2786905.5720000234,2020,2020-04-01
Sistema de frenos,4,2458361.3090000045,2020,2020-04-01
Baterías,4,1391027.8340000026,2020,2020-04-01
Sistema de suspensión,4,1896856.959000001,2020,2020-04-01
Accesorios,4,1117306.9210000006,2020,2020-04-01
Productos de caucho,4,1015749.4980000092,2020,2020-04-01
Ruedas y sus partes,4,883819.5330000004,2020,2020-04-01
Sistema de dirección,4,622813.9059999997,2020,2020-04-01
Ejes y diferencial,4,634857.9400000006,2020,2020-04-01
Sistema de enfriamiento,4,518195.52299999964,2020,2020-04-01
Sistema de escape,4,235871.41100000014,2020,2020-04-01
Neumáticos,5,28501290.85300006,2020,2020-05-01
Lubricantes,5,12417803.495000008,2020,2020-05-01
Partes de Motor,5,12363045.290999861,2020,2020-05-01
Filtros,5,13424336.709000036,2020,2020-05-01
Otros consumibles,5,6006915.793000023,2020,2020-05-01
Sistema de transmisión,5,3864737.8609999875,2020,2020-05-01
Partes eléctricas,5,3592462.824999991,2020,2020-05-01
Partes de carrocería,5,4227755.511999988,2020,2020-05-01
Sistema de frenos,5,1914440.7010000036,2020,2020-05-01
Baterías,5,1587255.4209999985,2020,2020-05-01
Sistema de suspensión,5,1132746.439999997,2020,2020-05-01
Accesorios,5,1670601.4749999987,2020,2020-05-01
Productos de caucho,5,1219568.6769999976,2020,2020-05-01
Ruedas y sus partes,5,1511083.0020000008,2020,2020-05-01
Sistema de dirección,5,622659.1730000004,2020,2020-05-01
Ejes y diferencial,5,426656.089,2020,2020-05-01
Sistema de enfriamiento,5,549842.1970000002,2020,2020-05-01
Sistema de escape,5,134154.03499999995,2020,2020-05-01
Neumáticos,6,28167948.67199996,2020,2020-06-01
Lubricantes,6,5744510.934000003,2020,2020-06-01
Partes de Motor,6,11950010.209999938,2020,2020-06-01
Filtros,6,6939383.242000009,2020,2020-06-01
Otros consumibles,6,4211668.741000002,2020,2020-06-01
Sistema de transmisión,6,5664754.922000007,2020,2020-06-01
Partes eléctricas,6,3344439.041000011,2020,2020-06-01
Partes de carrocería,6,2099992.5140000028,2020,2020-06-01
Sistema de frenos,6,1564510.3700000066,2020,2020-06-01
Baterías,6,2023532.895000001,2020,2020-06-01
Sistema de suspensión,6,1297854.1189999986,2020,2020-06-01
Accesorios,6,1227587.1049999988,2020,2020-06-01
Productos de caucho,6,929324.9260000048,2020,2020-06-01
Ruedas y sus partes,6,898503.8119999998,2020,2020-06-01
Sistema de dirección,6,296692.444,2020,2020-06-01
Ejes y diferencial,6,660986.2880000004,2020,2020-06-01
Sistema de enfriamiento,6,585116.6810000009,2020,2020-06-01
Sistema de escape,6,123883.33400000006,2020,2020-06-01
Neumáticos,7,30695555.05299999,2020,2020-07-01
Lubricantes,7,7261501.991999993,2020,2020-07-01
Partes de Motor,7,13874116.760999937,2020,2020-07-01
Filtros,7,7580671.786000008,2020,2020-07-01
Otros consumibles,7,6001569.627999973,2020,2020-07-01
Sistema de transmisión,7,4151533.1350000016,2020,2020-07-01
Partes eléctricas,7,4177296.9759999854,2020,2020-07-01
Partes de carrocería,7,2278644.181000004,2020,2020-07-01
Sistema de frenos,7,1623890.1889999988,2020,2020-07-01
Baterías,7,2939450.2859999975,2020,2020-07-01
Sistema de suspensión,7,1267688.3729999994,2020,2020-07-01
Accesorios,7,1305035.9489999984,2020,2020-07-01
Productos de caucho,7,938931.7649999986,2020,2020-07-01
Ruedas y sus partes,7,1238195.896999999,2020,2020-07-01
Sistema de dirección,7,689878.358000001,2020,2020-07-01
Ejes y diferencial,7,595029.9969999999,2020,2020-07-01
Sistema de enfriamiento,7,619091.154,2020,2020-07-01
Sistema de escape,7,234478.83600000004,2020,2020-07-01
Neumáticos,8,32173585.301999997,2020,2020-08-01
Lubricantes,8,10206603.910000004,2020,2020-08-01
Partes de Motor,8,16107259.425000003,2020,2020-08-01
Filtros,8,7560016.778999999,2020,2020-08-01
Otros consumibles,8,5098220.403999999,2020,2020-08-01
Sistema de transmisión,8,4800997.290999999,2020,2020-08-01
Partes eléctricas,8,4118721.185,2020,2020-08-01
Partes de carrocería,8,3300417.637,2020,2020-08-01
Sistema de frenos,8,2685838.8439999996,2020,2020-08-01
Baterías,8,3149008.105999997,2020,2020-08-01
Sistema de suspensión,8,1552575.1749999998,2020,2020-08-01
Accesorios,8,2056885.7440000006,2020,2020-08-01
Productos de caucho,8,1329704.6700000004,2020,2020-08-01
Ruedas y sus partes,8,1201638.0280000009,2020,2020-08-01
Sistema de dirección,8,1263293.992,2020,2020-08-01
Ejes y diferencial,8,617022.399,2020,2020-08-01
Sistema de enfriamiento,8,881538.5139999997,2020,2020-08-01
Sistema de escape,8,353087.8319999995,2020,2020-08-01
Neumáticos,9,31286306.69299998,2020,2020-09-01
Lubricantes,9,23037101.531999994,2020,2020-09-01
Partes de Motor,9,16801688.48800001,2020,2020-09-01
Filtros,9,11037159.404000007,2020,2020-09-01
Otros consumibles,9,6158620.5399999935,2020,2020-09-01
Sistema de transmisión,9,4342221.145999996,2020,2020-09-01
Partes eléctricas,9,5266588.699000002,2020,2020-09-01
Partes de carrocería,9,4059111.695000003,2020,2020-09-01
Sistema de frenos,9,2739949.0490000006,2020,2020-09-01
Baterías,9,4681872.059000001,2020,2020-09-01
Sistema de suspensión,9,1816751.508,2020,2020-09-01
Accesorios,9,1925234.0649999997,2020,2020-09-01
Productos de caucho,9,1187370.9160000002,2020,2020-09-01
Ruedas y sus partes,9,1226676.0259999994,2020,2020-09-01
Sistema de dirección,9,775318.226,2020,2020-09-01
Ejes y diferencial,9,862275.348000001,2020,2020-09-01
Sistema de enfriamiento,9,399066.0260000006,2020,2020-09-01
Sistema de escape,9,415629.24699999974,2020,2020-09-01
Neumáticos,10,32119640.43700005,2020,2020-10-01
Lubricantes,10,24530983.615000006,2020,2020-10-01
Partes de Motor,10,22114132.73199999,2020,2020-10-01
Filtros,10,14504993.547000008,2020,2020-10-01
Otros consumibles,10,7877499.026000002,2020,2020-10-01
Sistema de transmisión,10,5056597.616,2020,2020-10-01
Partes eléctricas,10,5548289.801000005,2020,2020-10-01
Partes de carrocería,10,3712673.2760000015,2020,2020-10-01
Sistema de frenos,10,3064106.0370000023,2020,2020-10-01
Baterías,10,4972877.119000009,2020,2020-10-01
Sistema de suspensión,10,2632669.9379999954,2020,2020-10-01
Accesorios,10,2231958.7970000003,2020,2020-10-01
Productos de caucho,10,1463495.7009999985,2020,2020-10-01
Ruedas y sus partes,10,1387649.8679999989,2020,2020-10-01
Sistema de dirección,10,1168061.9799999995,2020,2020-10-01
Ejes y diferencial,10,1028762.2340000002,2020,2020-10-01
Sistema de enfriamiento,10,1190377.3429999992,2020,2020-10-01
Sistema de escape,10,460858.2520000001,2020,2020-10-01
Neumáticos,11,33241895.467999984,2020,2020-11-01
Lubricantes,11,27398749.909,2020,2020-11-01
Partes de Motor,11,23691303.26400001,2020,2020-11-01
Filtros,11,11848399.758000003,2020,2020-11-01
Otros consumibles,11,7410422.0069999965,2020,2020-11-01
Sistema de transmisión,11,7158695.661000002,2020,2020-11-01
Partes eléctricas,11,6622387.200999994,2020,2020-11-01
Partes de carrocería,11,4127428.019000002,2020,2020-11-01
Sistema de frenos,11,3178128.209000002,2020,2020-11-01
Baterías,11,4579457.964999996,2020,2020-11-01
Sistema de suspensión,11,2155989.712000003,2020,2020-11-01
Accesorios,11,2042407.2069999997,2020,2020-11-01
Productos de caucho,11,1925667.1240000003,2020,2020-11-01
Ruedas y sus partes,11,1575736.0419999987,2020,2020-11-01
Sistema de dirección,11,1250029.3639999998,2020,2020-11-01
Ejes y diferencial,11,667875.3260000001,2020,2020-11-01
Sistema de enfriamiento,11,885873.4119999983,2020,2020-11-01
Sistema de escape,11,468213.34799999994,2020,2020-11-01
Neumáticos,12,42661220.70199997,2020,2020-12-01
Lubricantes,12,28654840.184000053,2020,2020-12-01
Partes de Motor,12,26713960.35999998,2020,2020-12-01
Filtros,12,13660009.32099999,2020,2020-12-01
Otros consumibles,12,9000252.104000002,2020,2020-12-01
Sistema de transmisión,12,7624271.552999993,2020,2020-12-01
Partes eléctricas,12,6825762.567999993,2020,2020-12-01
Partes de carrocería,12,10078498.036000034,2020,2020-12-01
Sistema de frenos,12,4021776.7709999974,2020,2020-12-01
Baterías,12,4553686.954999989,2020,2020-12-01
Sistema de suspensión,12,3074228.042000002,2020,2020-12-01
Accesorios,12,3056778.396999999,2020,2020-12-01
Productos de caucho,12,2029189.3909999994,2020,2020-12-01
Ruedas y sus partes,12,2481508.4089999995,2020,2020-12-01
Sistema de dirección,12,1484711.508999999,2020,2020-12-01
Ejes y diferencial,12,1211394.8490000025,2020,2020-12-01
Sistema de enfriamiento,12,1253722.2859999961,2020,2020-12-01
Sistema de escape,12,394687.1270000001,2020,2020-12-01
Neumáticos,1,36060012.18399998,2021,2021-01-01
Lubricantes,1,24853709.780999992,2021,2021-01-01
Partes de Motor,1,23694331.155,2021,2021-01-01
Filtros,1,13289581.240000019,2021,2021-01-01
Otros consumibles,1,7795996.803000008,2021,2021-01-01
Partes eléctricas,1,8264380.491000001,2021,2021-01-01
Sistema de transmisión,1,5658656.677000001,2021,2021-01-01
Partes de carrocería,1,5204001.108000004,2021,2021-01-01
Baterías,1,4167451.7739999993,2021,2021-01-01
Sistema de frenos,1,4109967.5160000054,2021,2021-01-01
Sistema de suspensión,1,3231198.344999995,2021,2021-01-01
Accesorios,1,2124376.585,2021,2021-01-01
Productos de caucho,1,1488067.144,2021,2021-01-01
Ruedas y sus partes,1,1404507.135,2021,2021-01-01
Sistema de dirección,1,1202535.7309999997,2021,2021-01-01
Ejes y diferencial,1,775065.8239999994,2021,2021-01-01
Sistema de enfriamiento,1,644506.3700000007,2021,2021-01-01
Sistema de escape,1,449539.4620000004,2021,2021-01-01
Neumáticos,2,40320324.17000001,2021,2021-02-01
Lubricantes,2,29149720.118000016,2021,2021-02-01
Partes de Motor,2,24352354.98999999,2021,2021-02-01
Filtros,2,12633861.075999996,2021,2021-02-01
Otros consumibles,2,9005371.143,2021,2021-02-01
Partes eléctricas,2,8155407.516999999,2021,2021-02-01
Sistema de transmisión,2,6292154.087999994,2021,2021-02-01
Partes de carrocería,2,7680204.737000007,2021,2021-02-01
Baterías,2,4907621.439999989,2021,2021-02-01
Sistema de frenos,2,3010441.7950000013,2021,2021-02-01
Sistema de suspensión,2,4359971.215999998,2021,2021-02-01
Accesorios,2,2349960.768,2021,2021-02-01
Productos de caucho,2,2529149.9620000017,2021,2021-02-01
Ruedas y sus partes,2,2168907.318999999,2021,2021-02-01
Sistema de dirección,2,1364781.7459999996,2021,2021-02-01
Ejes y diferencial,2,987329.5980000001,2021,2021-02-01
Sistema de enfriamiento,2,1428415.077999999,2021,2021-02-01
Sistema de escape,2,526721.4289999999,2021,2021-02-01
Neumáticos,3,37568268.33400001,2021,2021-03-01
Lubricantes,3,27835104.876999997,2021,2021-03-01
Partes de Motor,3,29313840.448,2021,2021-03-01
Filtros,3,15689843.870000014,2021,2021-03-01
Otros consumibles,3,10226668.408999996,2021,2021-03-01
Partes eléctricas,3,7090841.858999996,2021,2021-03-01
Sistema de transmisión,3,6735574.123999996,2021,2021-03-01
Partes de carrocería,3,5329167.558999989,2021,2021-03-01
Baterías,3,4931140.996999996,2021,2021-03-01
Sistema de frenos,3,3799807.2660000003,2021,2021-03-01
Sistema de suspensión,3,3894593.857,2021,2021-03-01
Accesorios,3,3049526.2369999993,2021,2021-03-01
Productos de caucho,3,2412759.063,2021,2021-03-01
Ruedas y sus partes,3,1773699.3659999976,2021,2021-03-01
Sistema de dirección,3,1655592.386,2021,2021-03-01
Ejes y diferencial,3,1101454.9500000004,2021,2021-03-01
Sistema de enfriamiento,3,782218.5189999987,2021,2021-03-01
Sistema de escape,3,582953.9149999999,2021,2021-03-01
Neumáticos,4,44895771.30099998,2021,2021-04-01
Lubricantes,4,33034873.631000027,2021,2021-04-01
Partes de Motor,4,24440553.091000006,2021,2021-04-01
Filtros,4,13701128.081,2021,2021-04-01
Otros consumibles,4,9241805.227999987,2021,2021-04-01
Partes eléctricas,4,5631977.904,2021,2021-04-01
Sistema de transmisión,4,6593524.526000004,2021,2021-04-01
Partes de carrocería,4,5397374.985999995,2021,2021-04-01
Baterías,4,3580064.7469999907,2021,2021-04-01
Sistema de frenos,4,3456784.117999999,2021,2021-04-01
Sistema de suspensión,4,3030639.0570000005,2021,2021-04-01
Accesorios,4,1943000.562,2021,2021-04-01
Productos de caucho,4,1887870.1830000011,2021,2021-04-01
Ruedas y sus partes,4,1395154.3749999974,2021,2021-04-01
Sistema de dirección,4,1175577.6420000005,2021,2021-04-01
Ejes y diferencial,4,1088835.7770000002,2021,2021-04-01
Sistema de enfriamiento,4,754147.5589999998,2021,2021-04-01
Sistema de escape,4,508516.8469999996,2021,2021-04-01
Neumáticos,5,36729985.11799997,2021,2021-05-01
Lubricantes,5,33114282.914000005,2021,2021-05-01
Partes de Motor,5,26527214.385000017,2021,2021-05-01
Filtros,5,15080502.26600001,2021,2021-05-01
Otros consumibles,5,9528288.443000004,2021,2021-05-01
Partes eléctricas,5,8142643.963999996,2021,2021-05-01
Sistema de transmisión,5,7687342.198000004,2021,2021-05-01
Partes de carrocería,5,6417499.706999998,2021,2021-05-01
Baterías,5,3679054.9590000026,2021,2021-05-01
Sistema de frenos,5,3990637.6249999953,2021,2021-05-01
Sistema de suspensión,5,3361432.2779999976,2021,2021-05-01
Accesorios,5,2242018.397,2021,2021-05-01
Productos de caucho,5,1979334.195999999,2021,2021-05-01
Ruedas y sus partes,5,1843593.0959999994,2021,2021-05-01
Sistema de dirección,5,1455642.7590000005,2021,2021-05-01
Ejes y diferencial,5,1058633.6360000009,2021,2021-05-01
Sistema de enfriamiento,5,854871.524,2021,2021-05-01
Sistema de escape,5,568906.5859999994,2021,2021-05-01
Neumáticos,6,41612628.336000025,2021,2021-06-01
Lubricantes,6,26969666.916999996,2021,2021-06-01
Partes de Motor,6,25200719.845999997,2021,2021-06-01
Filtros,6,15859399.53900002,2021,2021-06-01
Otros consumibles,6,8884795.13400001,2021,2021-06-01
Partes eléctricas,6,8299215.253999994,2021,2021-06-01
Sistema de transmisión,6,8974798.524,2021,2021-06-01
Partes de carrocería,6,4889456.293999998,2021,2021-06-01
Baterías,6,3947521.602000007,2021,2021-06-01
Sistema de frenos,6,3313790.1610000017,2021,2021-06-01
Sistema de suspensión,6,3432041.821999997,2021,2021-06-01
Accesorios,6,2423016.0230000005,2021,2021-06-01
Productos de caucho,6,2058979.8379999972,2021,2021-06-01
Ruedas y sus partes,6,1237804.1320000004,2021,2021-06-01
Sistema de dirección,6,1346263.5110000004,2021,2021-06-01
Ejes y diferencial,6,755316.9170000005,2021,2021-06-01
Sistema de enfriamiento,6,1020819.5929999979,2021,2021-06-01
Sistema de escape,6,545141.5159999988,2021,2021-06-01
Neumáticos,7,44144774.72999997,2021,2021-07-01
Lubricantes,7,35106260.553000025,2021,2021-07-01
Partes de Motor,7,27458875.739,2021,2021-07-01
Filtros,7,13302331.712000012,2021,2021-07-01
Otros consumibles,7,9579170.093000002,2021,2021-07-01
Partes eléctricas,7,7356087.764000001,2021,2021-07-01
Sistema de transmisión,7,6637769.723000003,2021,2021-07-01
Partes de carrocería,7,5581993.776000001,2021,2021-07-01
Baterías,7,4567457.307999992,2021,2021-07-01
Sistema de frenos,7,3623867.0100000063,2021,2021-07-01
Sistema de suspensión,7,3814651.1980000045,2021,2021-07-01
Accesorios,7,2360094.1210000007,2021,2021-07-01
Productos de caucho,7,2655358.8200000017,2021,2021-07-01
Ruedas y sus partes,7,2364280.664999999,2021,2021-07-01
Sistema de dirección,7,2173502.8370000008,2021,2021-07-01
Ejes y diferencial,7,1115632.2940000016,2021,2021-07-01
Sistema de enfriamiento,7,731473.5139999997,2021,2021-07-01
Sistema de escape,7,533701.3910000003,2021,2021-07-01
Neumáticos,8,42472475.80199999,2021,2021-08-01
Lubricantes,8,30897323.501000013,2021,2021-08-01
Partes de Motor,8,24333676.23600001,2021,2021-08-01
Filtros,8,13500573.79300002,2021,2021-08-01
Otros consumibles,8,9269658.075000001,2021,2021-08-01
Partes eléctricas,8,7151715.986999993,2021,2021-08-01
Sistema de transmisión,8,7476047.310999998,2021,2021-08-01
Partes de carrocería,8,5352126.766999995,2021,2021-08-01
Baterías,8,3176504.158999996,2021,2021-08-01
Sistema de frenos,8,3262214.6439999933,2021,2021-08-01
Sistema de suspensión,8,3413177.3379999944,2021,2021-08-01
Accesorios,8,2111319.8739999994,2021,2021-08-01
Productos de caucho,8,2863798.8980000005,2021,2021-08-01
Ruedas y sus partes,8,2149787.931999999,2021,2021-08-01
Sistema de dirección,8,1950956.4880000006,2021,2021-08-01
Ejes y diferencial,8,1033916.1549999997,2021,2021-08-01
Sistema de enfriamiento,8,715362.1960000001,2021,2021-08-01
Sistema de escape,8,458196.17300000024,2021,2021-08-01
Neumáticos,9,39883134.880000025,2021,2021-09-01
Lubricantes,9,32253448.426000018,2021,2021-09-01
Partes de Motor,9,25216627.55799999,2021,2021-09-01
Filtros,9,14924387.999000015,2021,2021-09-01
Otros consumibles,9,7699162.032999998,2021,2021-09-01
Partes eléctricas,9,6302883.983000004,2021,2021-09-01
Sistema de transmisión,9,6510054.028,2021,2021-09-01
Partes de carrocería,9,5256789.224000001,2021,2021-09-01
Baterías,9,3849766.5850000083,2021,2021-09-01
Sistema de frenos,9,3542351.8989999983,2021,2021-09-01
Sistema de suspensión,9,2990004.6100000013,2021,2021-09-01
Accesorios,9,2655949.7229999998,2021,2021-09-01
Productos de caucho,9,1952148.5480000002,2021,2021-09-01
Ruedas y sus partes,9,2108245.2640000023,2021,2021-09-01
Sistema de dirección,9,1500437.4430000004,2021,2021-09-01
Ejes y diferencial,9,1382814.5619999978,2021,2021-09-01
Sistema de enfriamiento,9,907746.4910000009,2021,2021-09-01
Sistema de escape,9,427571.5349999998,2021,2021-09-01
Neumáticos,10,38558394.641000025,2021,2021-10-01
Lubricantes,10,35087931.427000016,2021,2021-10-01
Partes de Motor,10,27137727.720000006,2021,2021-10-01
Filtros,10,14755499.610999998,2021,2021-10-01
Otros consumibles,10,11119470.465000024,2021,2021-10-01
Partes eléctricas,10,7661574.991999978,2021,2021-10-01
Sistema de transmisión,10,5772941.512999997,2021,2021-10-01
Partes de carrocería,10,6056558.221999998,2021,2021-10-01
Baterías,10,4789462.932000007,2021,2021-10-01
Sistema de frenos,10,4298680.037000005,2021,2021-10-01
Sistema de suspensión,10,3752596.1239999942,2021,2021-10-01
Accesorios,10,2400292.6050000004,2021,2021-10-01
Productos de caucho,10,2248777.2209999985,2021,2021-10-01
Ruedas y sus partes,10,2235174.677000004,2021,2021-10-01
Sistema de dirección,10,1451923.6859999995,2021,2021-10-01
Ejes y diferencial,10,1021323.1110000003,2021,2021-10-01
Sistema de enfriamiento,10,694463.7289999994,2021,2021-10-01
Sistema de escape,10,724152.4349999998,2021,2021-10-01
Neumáticos,11,42777345.938,2021,2021-11-01
Lubricantes,11,20550491.542000018,2021,2021-11-01
Partes de Motor,11,23157801.789999984,2021,2021-11-01
Filtros,11,15547863.366999995,2021,2021-11-01
Otros consumibles,11,9937835.389999995,2021,2021-11-01
Partes eléctricas,11,7899155.724000002,2021,2021-11-01
Sistema de transmisión,11,6652303.454999998,2021,2021-11-01
Partes de carrocería,11,5828306.336999981,2021,2021-11-01
Baterías,11,2661223.119999999,2021,2021-11-01
Sistema de frenos,11,4179210.740000001,2021,2021-11-01
Sistema de suspensión,11,3430796.0929999957,2021,2021-11-01
Accesorios,11,2018907.9919999994,2021,2021-11-01
Productos de caucho,11,2118941.8710000017,2021,2021-11-01
Ruedas y sus partes,11,1655888.5880000007,2021,2021-11-01
Sistema de dirección,11,1469368.7240000023,2021,2021-11-01
Ejes y diferencial,11,1057866.7880000004,2021,2021-11-01
Sistema de enfriamiento,11,715285.8219999999,2021,2021-11-01
Sistema de escape,11,693427.6469999994,2021,2021-11-01
Neumáticos,12,63170077.188999996,2021,2021-12-01
Lubricantes,12,34240071.264,2021,2021-12-01
Partes de Motor,12,28525853.403999995,2021,2021-12-01
Filtros,12,18041986.711999964,2021,2021-12-01
Otros consumibles,12,11921019.503999995,2021,2021-12-01
Partes eléctricas,12,8058166.922999993,2021,2021-12-01
Sistema de transmisión,12,9007986.685999995,2021,2021-12-01
Partes de carrocería,12,7667672.147000001,2021,2021-12-01
Baterías,12,3715682.1330000004,2021,2021-12-01
Sistema de frenos,12,4421376.1439999975,2021,2021-12-01
Sistema de suspensión,12,3720099.4229999944,2021,2021-12-01
Accesorios,12,3456935.5820000004,2021,2021-12-01
Productos de caucho,12,2373786.575,2021,2021-12-01
Ruedas y sus partes,12,2568817.8219999964,2021,2021-12-01
Sistema de dirección,12,1686185.4879999994,2021,2021-12-01
Ejes y diferencial,12,747472.3709999986,2021,2021-12-01
Sistema de enfriamiento,12,967775.8199999997,2021,2021-12-01
Sistema de escape,12,537862.363,2021,2021-12-01
Neumáticos,1,53820157.41199997,2022,2022-01-01
Lubricantes,1,24622534.11200003,2022,2022-01-01
Partes de Motor,1,24434978.922999993,2022,2022-01-01
Filtros,1,12063889.968000006,2022,2022-01-01
Otros consumibles,1,10083015.84399999,2022,2022-01-01
Sistema de transmisión,1,6337611.729999996,2022,2022-01-01
Partes eléctricas,1,7060012.370999998,2022,2022-01-01
Partes de carrocería,1,6958164.51599999,2022,2022-01-01
Sistema de frenos,1,3899653.4289999977,2022,2022-01-01
Sistema de suspensión,1,3533308.6580000003,2022,2022-01-01
Baterías,1,2327233.1740000066,2022,2022-01-01
Accesorios,1,2697335.5590000004,2022,2022-01-01
Productos de caucho,1,1903414.2540000016,2022,2022-01-01
Sistema de dirección,1,2239600.460000001,2022,2022-01-01
Ruedas y sus partes,1,2525527.5540000047,2022,2022-01-01
Sistema de enfriamiento,1,1315930.9969999997,2022,2022-01-01
Ejes y diferencial,1,1028962.4539999991,2022,2022-01-01
Sistema de escape,1,320329.4859999999,2022,2022-01-01
Neumáticos,2,43704981.03100004,2022,2022-02-01
Lubricantes,2,32807241.028000016,2022,2022-02-01
Partes de Motor,2,25516711.728999976,2022,2022-02-01
Filtros,2,13102781.505000006,2022,2022-02-01
Otros consumibles,2,9748418.496999996,2022,2022-02-01
Sistema de transmisión,2,5842352.442999994,2022,2022-02-01
Partes eléctricas,2,7614677.350000005,2022,2022-02-01
Partes de carrocería,2,6222835.814000002,2022,2022-02-01
Sistema de frenos,2,3280019.7019999996,2022,2022-02-01
Sistema de suspensión,2,3372378.2489999994,2022,2022-02-01
Baterías,2,3895709.6529999957,2022,2022-02-01
Accesorios,2,2207862.9189999998,2022,2022-02-01
Productos de caucho,2,1696392.9790000005,2022,2022-02-01
Sistema de dirección,2,1636875.4209999996,2022,2022-02-01
Ruedas y sus partes,2,1617111.185,2022,2022-02-01
Sistema de enfriamiento,2,811022.2819999999,2022,2022-02-01
Ejes y diferencial,2,989542.8310000006,2022,2022-02-01
Sistema de escape,2,483842.3439999999,2022,2022-02-01
Neumáticos,3,41424314.16500001,2022,2022-03-01
Lubricantes,3,39041222.700999975,2022,2022-03-01
Partes de Motor,3,23819512.82400001,2022,2022-03-01
Filtros,3,12403883.178999996,2022,2022-03-01
Otros consumibles,3,10834409.741000002,2022,2022-03-01
Sistema de transmisión,3,7469696.497999992,2022,2022-03-01
Partes eléctricas,3,7275415.468,2022,2022-03-01
Partes de carrocería,3,7290736.285,2022,2022-03-01
Sistema de frenos,3,4231043.848999998,2022,2022-03-01
Sistema de suspensión,3,4070307.1619999968,2022,2022-03-01
Baterías,3,4663029.711000006,2022,2022-03-01
Accesorios,3,3269842.2590000015,2022,2022-03-01
Productos de caucho,3,1861788.2679999992,2022,2022-03-01
Sistema de dirección,3,1905800.554000001,2022,2022-03-01
Ruedas y sus partes,3,1363841.4689999972,2022,2022-03-01
Sistema de enfriamiento,3,811418.6960000006,2022,2022-03-01
Ejes y diferencial,3,741124.7989999998,2022,2022-03-01
Sistema de escape,3,428350.08399999945,2022,2022-03-01
Neumáticos,4,34564263.15599999,2022,2022-04-01
Lubricantes,4,52919217.63400005,2022,2022-04-01
Partes de Motor,4,24131843.77499999,2022,2022-04-01
Filtros,4,12450492.514000034,2022,2022-04-01
Otros consumibles,4,10187726.409,2022,2022-04-01
Sistema de transmisión,4,7473519.589999996,2022,2022-04-01
Partes eléctricas,4,6802591.580000006,2022,2022-04-01
Partes de carrocería,4,6979796.378999985,2022,2022-04-01
Sistema de frenos,4,3542957.5650000027,2022,2022-04-01
Sistema de suspensión,4,3784988.574999997,2022,2022-04-01
Baterías,4,3130533.1669999957,2022,2022-04-01
Accesorios,4,2551798.858,2022,2022-04-01
Productos de caucho,4,2262478.3399999985,2022,2022-04-01
Sistema de dirección,4,1350525.0139999993,2022,2022-04-01
Ruedas y sus partes,4,1397493.9929999984,2022,2022-04-01
Sistema de enfriamiento,4,1464055.145000004,2022,2022-04-01
Ejes y diferencial,4,896886.8329999998,2022,2022-04-01
Sistema de escape,4,427966.698,2022,2022-04-01
Neumáticos,5,36153479.32299999,2022,2022-05-01
Lubricantes,5,32110471.44599997,2022,2022-05-01
Partes de Motor,5,25676276.305000007,2022,2022-05-01
Filtros,5,14455468.549000006,2022,2022-05-01
Otros consumibles,5,9638907.387000004,2022,2022-05-01
Sistema de transmisión,5,7482736.302,2022,2022-05-01
Partes eléctricas,5,6319293.682000001,2022,2022-05-01
Partes de carrocería,5,6370823.4849999985,2022,2022-05-01
Sistema de frenos,5,3780014.4020000068,2022,2022-05-01
Sistema de suspensión,5,3724074.7080000066,2022,2022-05-01
Baterías,5,3709762.460999996,2022,2022-05-01
Accesorios,5,1959247.8980000003,2022,2022-05-01
Productos de caucho,5,1784099.4849999999,2022,2022-05-01
Sistema de dirección,5,1822824.5379999997,2022,2022-05-01
Ruedas y sus partes,5,2475219.6599999983,2022,2022-05-01
Sistema de enfriamiento,5,1054180.4009999975,2022,2022-05-01
Ejes y diferencial,5,639481.5,2022,2022-05-01
Sistema de escape,5,340446.75999999983,2022,2022-05-01
Neumáticos,6,53004363.24,2022,2022-06-01
Lubricantes,6,51041067.36100014,2022,2022-06-01
Partes de Motor,6,27479647.902999986,2022,2022-06-01
Filtros,6,17508646.748000015,2022,2022-06-01
Otros consumibles,6,11897174.855999984,2022,2022-06-01
Sistema de transmisión,6,7740077.066999994,2022,2022-06-01
Partes eléctricas,6,7483792.055,2022,2022-06-01
Partes de carrocería,6,7865042.647999994,2022,2022-06-01
Sistema de frenos,6,4116772.788000007,2022,2022-06-01
Sistema de suspensión,6,3262323.778,2022,2022-06-01
Baterías,6,2929822.8310000007,2022,2022-06-01
Accesorios,6,2236199.8499999996,2022,2022-06-01
Productos de caucho,6,2699532.8379999986,2022,2022-06-01
Sistema de dirección,6,1864958.3170000003,2022,2022-06-01
Ruedas y sus partes,6,1842850.5520000025,2022,2022-06-01
Sistema de enfriamiento,6,977741.7499999994,2022,2022-06-01
Ejes y diferencial,6,1104422.3639999982,2022,2022-06-01
Sistema de escape,6,685732.1960000006,2022,2022-06-01
Neumáticos,7,52283457.02199999,2022,2022-07-01
Lubricantes,7,37085287.79599999,2022,2022-07-01
Partes de Motor,7,29084621.240000017,2022,2022-07-01
Filtros,7,21839789.92199993,2022,2022-07-01
Otros consumibles,7,13038395.181999987,2022,2022-07-01
Sistema de transmisión,7,8733918.957,2022,2022-07-01
Partes eléctricas,7,8165232.504999997,2022,2022-07-01
Partes de carrocería,7,8153366.022999998,2022,2022-07-01
Sistema de frenos,7,5656659.057,2022,2022-07-01
Sistema de suspensión,7,5033040.380000015,2022,2022-07-01
Baterías,7,2739238.733,2022,2022-07-01
Accesorios,7,3062523.0910000014,2022,2022-07-01
Productos de caucho,7,2468761.700000002,2022,2022-07-01
Sistema de dirección,7,2079668.3760000004,2022,2022-07-01
Ruedas y sus partes,7,1968371.6779999991,2022,2022-07-01
Sistema de enfriamiento,7,1084128.2280000001,2022,2022-07-01
Ejes y diferencial,7,1264175.2439999997,2022,2022-07-01
Sistema de escape,7,716894.1750000004,2022,2022-07-01
Neumáticos,8,55859847.411000036,2022,2022-08-01
Lubricantes,8,40601213.59499999,2022,2022-08-01
Partes de Motor,8,32256779.725000024,2022,2022-08-01
Filtros,8,16810700.06299997,2022,2022-08-01
Otros consumibles,8,13931367.715000015,2022,2022-08-01
Sistema de transmisión,8,7788766.257000009,2022,2022-08-01
Partes eléctricas,8,8241296.188999993,2022,2022-08-01
Partes de carrocería,8,7608161.240000003,2022,2022-08-01
Sistema de frenos,8,4389786.966,2022,2022-08-01
Sistema de suspensión,8,3802599.1420000037,2022,2022-08-01
Baterías,8,4148231.1680000047,2022,2022-08-01
Accesorios,8,2700176.146000001,2022,2022-08-01
Productos de caucho,8,2556572.1699999995,2022,2022-08-01
Sistema de dirección,8,1768418.0300000007,2022,2022-08-01
Ruedas y sus partes,8,2103387.0310000023,2022,2022-08-01
Sistema de enfriamiento,8,1042400.9149999991,2022,2022-08-01
Ejes y diferencial,8,1191478.394,2022,2022-08-01
Sistema de escape,8,719201.0680000006,2022,2022-08-01
Neumáticos,9,46285457.613000005,2022,2022-09-01
Lubricantes,9,52825036.14699997,2022,2022-09-01
Partes de Motor,9,29180235.651999995,2022,2022-09-01
Filtros,9,16913734.32100001,2022,2022-09-01
Otros consumibles,9,12929815.715999996,2022,2022-09-01
Sistema de transmisión,9,10437000.483999992,2022,2022-09-01
Partes eléctricas,9,7269533.653999997,2022,2022-09-01
Partes de carrocería,9,7400399.837999992,2022,2022-09-01
Sistema de frenos,9,5433712.717999997,2022,2022-09-01
Sistema de suspensión,9,4189625.6520000035,2022,2022-09-01
Baterías,9,3560055.6509999973,2022,2022-09-01
Accesorios,9,3472837.4209999987,2022,2022-09-01
Productos de caucho,9,1825147.0029999996,2022,2022-09-01
Sistema de dirección,9,1783300.24,2022,2022-09-01
Ruedas y sus partes,9,1663471.060000001,2022,2022-09-01
Sistema de enfriamiento,9,1123394.8960000013,2022,2022-09-01
Ejes y diferencial,9,1168282.727000001,2022,2022-09-01
Sistema de escape,9,728618.702,2022,2022-09-01
Neumáticos,10,47050387.38800001,2022,2022-10-01
Lubricantes,10,28245671.63,2022,2022-10-01
Partes de Motor,10,28698368.58599998,2022,2022-10-01
Filtros,10,15081667.006000001,2022,2022-10-01
Otros consumibles,10,11068217.599999992,2022,2022-10-01
Sistema de transmisión,10,8535239.607000003,2022,2022-10-01
Partes eléctricas,10,7599739.620999999,2022,2022-10-01
Partes de carrocería,10,7090880.139,2022,2022-10-01
Sistema de frenos,10,4511938.895000003,2022,2022-10-01
Sistema de suspensión,10,3717230.313,2022,2022-10-01
Baterías,10,2680625.521000008,2022,2022-10-01
Accesorios,10,2334111.592,2022,2022-10-01
Productos de caucho,10,2559189.366000002,2022,2022-10-01
Sistema de dirección,10,1891072.8420000009,2022,2022-10-01
Ruedas y sus partes,10,1738269.2009999978,2022,2022-10-01
Sistema de enfriamiento,10,1379969.8590000002,2022,2022-10-01
Ejes y diferencial,10,1171153.1620000005,2022,2022-10-01
Sistema de escape,10,360033.40900000004,2022,2022-10-01
Neumáticos,11,55268081.60599996,2022,2022-11-01
Lubricantes,11,40431576.31699998,2022,2022-11-01
Partes de Motor,11,30434169.15999999,2022,2022-11-01
Filtros,11,14516118.700999998,2022,2022-11-01
Otros consumibles,11,11180717.889999995,2022,2022-11-01
Sistema de transmisión,11,8086777.001999994,2022,2022-11-01
Partes eléctricas,11,7776090.397000003,2022,2022-11-01
Partes de carrocería,11,6322300.889000003,2022,2022-11-01
Sistema de frenos,11,3917440.028999998,2022,2022-11-01
Sistema de suspensión,11,3186386.820999997,2022,2022-11-01
Baterías,11,3674093.7679999936,2022,2022-11-01
Accesorios,11,2611503.325,2022,2022-11-01
Productos de caucho,11,1929373.8900000008,2022,2022-11-01
Sistema de dirección,11,2121971.7360000005,2022,2022-11-01
Ruedas y sus partes,11,1414468.467,2022,2022-11-01
Sistema de enfriamiento,11,858162.6100000008,2022,2022-11-01
Ejes y diferencial,11,944109.5719999993,2022,2022-11-01
Sistema de escape,11,330709.8910000004,2022,2022-11-01
Neumáticos,12,61156460.58299995,2022,2022-12-01
Lubricantes,12,31662960.22199998,2022,2022-12-01
Partes de Motor,12,27319272.93000002,2022,2022-12-01
Filtros,12,15632884.062000003,2022,2022-12-01
Otros consumibles,12,11493545.876000004,2022,2022-12-01
Sistema de transmisión,12,7709891.906999997,2022,2022-12-01
Partes eléctricas,12,7569497.248999999,2022,2022-12-01
Partes de carrocería,12,8474302.402999997,2022,2022-12-01
Sistema de frenos,12,4153039.6919999914,2022,2022-12-01
Sistema de suspensión,12,4113488.713000002,2022,2022-12-01
Baterías,12,2693889.399999999,2022,2022-12-01
Accesorios,12,3185469.3959999997,2022,2022-12-01
Productos de caucho,12,2343772.7240000013,2022,2022-12-01
Sistema de dirección,12,1897132.669999999,2022,2022-12-01
Ruedas y sus partes,12,1752135.46,2022,2022-12-01
Sistema de enfriamiento,12,1308867.1390000014,2022,2022-12-01
Ejes y diferencial,12,1145149.169999998,2022,2022-12-01
Sistema de escape,12,446428.5180000002,2022,2022-12-01
Neumáticos,1,35677332.28599997,2023,2023-01-01
Partes de Motor,1,24077215.93999999,2023,2023-01-01
Lubricantes,1,19302343.40399999,2023,2023-01-01
Filtros,1,11808120.522999994,2023,2023-01-01
Otros consumibles,1,10415210.559000004,2023,2023-01-01
Sistema de transmisión,1,8459899.281999998,2023,2023-01-01
Partes de carrocería,1,7661065.49,2023,2023-01-01
Partes eléctricas,1,5811509.924000001,2023,2023-01-01
Sistema de frenos,1,3689975.0849999953,2023,2023-01-01
Baterías,1,2512173.5219999966,2023,2023-01-01
Sistema de suspensión,1,2725531.4420000026,2023,2023-01-01
Accesorios,1,2682827.668,2023,2023-01-01
Productos de caucho,1,1601073.5950000011,2023,2023-01-01
Ruedas y sus partes,1,1229418.1610000005,2023,2023-01-01
Sistema de dirección,1,1530423.7740000002,2023,2023-01-01
Sistema de enfriamiento,1,1023082.2209999977,2023,2023-01-01
Ejes y diferencial,1,1060993.162999999,2023,2023-01-01
Sistema de escape,1,301436.8629999999,2023,2023-01-01
Neumáticos,2,36030114.29300004,2023,2023-02-01
Partes de Motor,2,25703428.619000018,2023,2023-02-01
Lubricantes,2,34512694.70200001,2023,2023-02-01
Filtros,2,13548607.497999992,2023,2023-02-01
Otros consumibles,2,8190042.781,2023,2023-02-01
Sistema de transmisión,2,8016228.559999999,2023,2023-02-01
Partes de carrocería,2,8265817.07300001,2023,2023-02-01
Partes eléctricas,2,6735350.051999996,2023,2023-02-01
Sistema de frenos,2,3274804.121999996,2023,2023-02-01
Baterías,2,2931872.385999998,2023,2023-02-01
Sistema de suspensión,2,2652761.098999995,2023,2023-02-01
Accesorios,2,1945827.0960000001,2023,2023-02-01
Productos de caucho,2,1799666.5920000002,2023,2023-02-01
Ruedas y sus partes,2,1016508.2799999996,2023,2023-02-01
Sistema de dirección,2,1440440.304000001,2023,2023-02-01
Sistema de enfriamiento,2,836444.0120000007,2023,2023-02-01
Ejes y diferencial,2,1151109.160999999,2023,2023-02-01
Sistema de escape,2,442032.8640000002,2023,2023-02-01
Neumáticos,3,44678035.059999995,2023,2023-03-01
Partes de Motor,3,27321119.554999977,2023,2023-03-01
Lubricantes,3,38608582.30199997,2023,2023-03-01
Filtros,3,13573067.37600001,2023,2023-03-01
Otros consumibles,3,12027036.14200002,2023,2023-03-01
Sistema de transmisión,3,8203734.572,2023,2023-03-01
Partes de carrocería,3,6069593.187,2023,2023-03-01
Partes eléctricas,3,5727405.424999999,2023,2023-03-01
Sistema de frenos,3,3874799.0489999983,2023,2023-03-01
Baterías,3,2967750.103,2023,2023-03-01
Sistema de suspensión,3,3303728.6860000007,2023,2023-03-01
Accesorios,3,3628483.1990000005,2023,2023-03-01
Productos de caucho,3,2792710.520999997,2023,2023-03-01
Ruedas y sus partes,3,1862734.0849999997,2023,2023-03-01
Sistema de dirección,3,892958.1709999988,2023,2023-03-01
Sistema de enfriamiento,3,1016877.4789999989,2023,2023-03-01
Ejes y diferencial,3,882945.8950000003,2023,2023-03-01
Sistema de escape,3,460532.3070000001,2023,2023-03-01
Neumáticos,4,40233311.763,2023,2023-04-01
Partes de Motor,4,23978147.85899999,2023,2023-04-01
Lubricantes,4,26220845.62499998,2023,2023-04-01
Filtros,4,12439342.98599999,2023,2023-04-01
Otros consumibles,4,9616532.528000006,2023,2023-04-01
Sistema de transmisión,4,8841187.484000012,2023,2023-04-01
Partes de carrocería,4,6212448.161000003,2023,2023-04-01
Partes eléctricas,4,6698249.538000004,2023,2023-04-01
Sistema de frenos,4,3585789.206000003,2023,2023-04-01
Baterías,4,2763418.4719999954,2023,2023-04-01
Sistema de suspensión,4,2360676.494000001,2023,2023-04-01
Accesorios,4,2195154.163,2023,2023-04-01
Productos de caucho,4,2332489.8180000014,2023,2023-04-01
Ruedas y sus partes,4,1177913.663000001,2023,2023-04-01
Sistema de dirección,4,1657804.0710000002,2023,2023-04-01
Sistema de enfriamiento,4,1009083.3099999973,2023,2023-04-01
Ejes y diferencial,4,970450.2769999997,2023,2023-04-01
Sistema de escape,4,392262.07999999984,2023,2023-04-01
Neumáticos,5,41874444.12899997,2023,2023-05-01
Partes de Motor,5,27469636.44399999,2023,2023-05-01
Lubricantes,5,24325405.048999995,2023,2023-05-01
Filtros,5,13229433.780000005,2023,2023-05-01
Otros consumibles,5,10874001.119999988,2023,2023-05-01
Sistema de transmisión,5,7447143.835000012,2023,2023-05-01
Partes de carrocería,5,7107381.232000005,2023,2023-05-01
Partes eléctricas,5,7790756.377000002,2023,2023-05-01
Sistema de frenos,5,4399207.306000001,2023,2023-05-01
Baterías,5,3426697.8889999995,2023,2023-05-01
Sistema de suspensión,5,3940173.847,2023,2023-05-01
Accesorios,5,2813902.0639999993,2023,2023-05-01
Productos de caucho,5,3149905.777,2023,2023-05-01
Ruedas y sus partes,5,1214237.914000001,2023,2023-05-01
Sistema de dirección,5,1391844.8610000003,2023,2023-05-01
Sistema de enfriamiento,5,1203499.9149999989,2023,2023-05-01
Ejes y diferencial,5,1054928.6089999992,2023,2023-05-01
Sistema de escape,5,522357.008,2023,2023-05-01
Neumáticos,6,46098920.87699998,2023,2023-06-01
Partes de Motor,6,31405539.687999986,2023,2023-06-01
Lubricantes,6,24738961.783999998,2023,2023-06-01
Filtros,6,15352430.818999998,2023,2023-06-01
Otros consumibles,6,10766333.276000002,2023,2023-06-01
Sistema de transmisión,6,9156615.383999998,2023,2023-06-01
Partes de carrocería,6,6993256.892,2023,2023-06-01
Partes eléctricas,6,7421086.100999998,2023,2023-06-01
Sistema de frenos,6,4685583.710000005,2023,2023-06-01
Baterías,6,3916680.720000008,2023,2023-06-01
Sistema de suspensión,6,2756493.783000004,2023,2023-06-01
Accesorios,6,2793501.1950000003,2023,2023-06-01
Productos de caucho,6,2885465.4280000012,2023,2023-06-01
Ruedas y sus partes,6,1784880.0160000045,2023,2023-06-01
Sistema de dirección,6,1526234.585,2023,2023-06-01
Sistema de enfriamiento,6,1485560.7690000006,2023,2023-06-01
Ejes y diferencial,6,970723.9779999993,2023,2023-06-01
Sistema de escape,6,575652.3840000002,2023,2023-06-01
Neumáticos,7,52707820.748000026,2023,2023-07-01
Partes de Motor,7,28769463.92799999,2023,2023-07-01
Lubricantes,7,31224020.66300002,2023,2023-07-01
Filtros,7,15824866.467000002,2023,2023-07-01
Otros consumibles,7,12104006.82,2023,2023-07-01
Sistema de transmisión,7,6672533.418999999,2023,2023-07-01
Partes de carrocería,7,7555486.28700001,2023,2023-07-01
Partes eléctricas,7,7110205.3370000115,2023,2023-07-01
Sistema de frenos,7,4874330.600000002,2023,2023-07-01
Baterías,7,3954943.802000003,2023,2023-07-01
Sistema de suspensión,7,3180705.530000005,2023,2023-07-01
Accesorios,7,3047855.7509999997,2023,2023-07-01
Productos de caucho,7,1650860.0730000008,2023,2023-07-01
Ruedas y sus partes,7,1735087.4069999983,2023,2023-07-01
Sistema de dirección,7,1839860.7380000006,2023,2023-07-01
Sistema de enfriamiento,7,1151752.123000003,2023,2023-07-01
Ejes y diferencial,7,782271.6520000006,2023,2023-07-01
Sistema de escape,7,664883.9230000001,2023,2023-07-01
Neumáticos,8,52553238.67800002,2023,2023-08-01
Partes de Motor,8,27771050.159999978,2023,2023-08-01
Lubricantes,8,36261267.32399997,2023,2023-08-01
Filtros,8,18254692.353999987,2023,2023-08-01
Otros consumibles,8,10747113.836000001,2023,2023-08-01
Sistema de transmisión,8,7793651.246999993,2023,2023-08-01
Partes de carrocería,8,8955256.675000004,2023,2023-08-01
Partes eléctricas,8,8290761.008000004,2023,2023-08-01
Sistema de frenos,8,4373362.372000004,2023,2023-08-01
Baterías,8,3481704.8670000075,2023,2023-08-01
Sistema de suspensión,8,2795052.072000007,2023,2023-08-01
Accesorios,8,2435712.842999999,2023,2023-08-01
Productos de caucho,8,2829259.815000001,2023,2023-08-01
Ruedas y sus partes,8,1919175.3179999948,2023,2023-08-01
Sistema de dirección,8,1727867.7699999989,2023,2023-08-01
Sistema de enfriamiento,8,1390336.8150000004,2023,2023-08-01
Ejes y diferencial,8,1099629.2219999996,2023,2023-08-01
Sistema de escape,8,602904.1360000003,2023,2023-08-01
Neumáticos,9,43425273.85999999,2023,2023-09-01
Partes de Motor,9,30928171.96799998,2023,2023-09-01
Lubricantes,9,28447407.34099999,2023,2023-09-01
Filtros,9,14756650.118999992,2023,2023-09-01
Otros consumibles,9,11773841.35600001,2023,2023-09-01
Sistema de transmisión,9,6986127.310000004,2023,2023-09-01
Partes de carrocería,9,7055238.2200000165,2023,2023-09-01
Partes eléctricas,9,8026876.155999997,2023,2023-09-01
Sistema de frenos,9,5514162.802999998,2023,2023-09-01
Baterías,9,3547155.657999997,2023,2023-09-01
Sistema de suspensión,9,3910103.4150000005,2023,2023-09-01
Accesorios,9,2969522.3859999995,2023,2023-09-01
Productos de caucho,9,2533712.2460000007,2023,2023-09-01
Ruedas y sus partes,9,2208486.548999998,2023,2023-09-01
Sistema de dirección,9,1823197.571000001,2023,2023-09-01
Sistema de enfriamiento,9,1637822.8240000024,2023,2023-09-01
Ejes y diferencial,9,1380710.127,2023,2023-09-01
Sistema de escape,9,603038.8370000006,2023,2023-09-01
Neumáticos,10,56412573.72900006,2023,2023-10-01
Partes de Motor,10,36242126.44599997,2023,2023-10-01
Lubricantes,10,24520598.088000007,2023,2023-10-01
Filtros,10,16125987.892999982,2023,2023-10-01
Otros consumibles,10,11602648.921000024,2023,2023-10-01
Sistema de transmisión,10,8063201.026999998,2023,2023-10-01
Partes de carrocería,10,10103688.697000004,2023,2023-10-01
Partes eléctricas,10,9521905.763000002,2023,2023-10-01
Sistema de frenos,10,5013939.109000001,2023,2023-10-01
Baterías,10,4309071.6159999985,2023,2023-10-01
Sistema de suspensión,10,3701156.7250000006,2023,2023-10-01
Accesorios,10,2910591.9399999995,2023,2023-10-01
Productos de caucho,10,3059253.1020000023,2023,2023-10-01
Ruedas y sus partes,10,1951798.9459999963,2023,2023-10-01
Sistema de dirección,10,1744184.1500000004,2023,2023-10-01
Sistema de enfriamiento,10,1696729.6269999982,2023,2023-10-01
Ejes y diferencial,10,1165666.0079999992,2023,2023-10-01
Sistema de escape,10,793958.8599999995,2023,2023-10-01
Neumáticos,11,53552773.48199999,2023,2023-11-01
Partes de Motor,11,34384407.75900001,2023,2023-11-01
Lubricantes,11,29826336.169000003,2023,2023-11-01
Filtros,11,15824811.14499998,2023,2023-11-01
Otros consumibles,11,9560597.690999996,2023,2023-11-01
Sistema de transmisión,11,10257908.821,2023,2023-11-01
Partes de carrocería,11,8134235.123000013,2023,2023-11-01
Partes eléctricas,11,7342213.569000008,2023,2023-11-01
Sistema de frenos,11,4176636.7969999905,2023,2023-11-01
Baterías,11,4265582.442999999,2023,2023-11-01
Sistema de suspensión,11,3454390.8229999985,2023,2023-11-01
Accesorios,11,2524081.692,2023,2023-11-01
Productos de caucho,11,2375865.3130000005,2023,2023-11-01
Ruedas y sus partes,11,2037939.1289999995,2023,2023-11-01
Sistema de dirección,11,1875313.8479999998,2023,2023-11-01
Sistema de enfriamiento,11,1223084.2249999978,2023,2023-11-01
Ejes y diferencial,11,1217872.3620000002,2023,2023-11-01
Sistema de escape,11,782775.4289999993,2023,2023-11-01
Neumáticos,12,49408176.59399998,2023,2023-12-01
Partes de Motor,12,31963454.63599997,2023,2023-12-01
Lubricantes,12,27620222.248,2023,2023-12-01
Filtros,12,14591639.475999981,2023,2023-12-01
Otros consumibles,12,10808994.171999997,2023,2023-12-01
Sistema de transmisión,12,8898452.992999997,2023,2023-12-01
Partes de carrocería,12,8331949.591000001,2023,2023-12-01
Partes eléctricas,12,7932753.134,2023,2023-12-01
Sistema de frenos,12,5026040.145999992,2023,2023-12-01
Baterías,12,3363903.9319999996,2023,2023-12-01
Sistema de suspensión,12,3245023.3610000024,2023,2023-12-01
Accesorios,12,2702417.8159999996,2023,2023-12-01
Productos de caucho,12,2277515.666000001,2023,2023-12-01
Ruedas y sus partes,12,1587177.0170000002,2023,2023-12-01
Sistema de dirección,12,2110113.487000001,2023,2023-12-01
Sistema de enfriamiento,12,1591462.398999995,2023,2023-12-01
Ejes y diferencial,12,1173645.1349999995,2023,2023-12-01
Sistema de escape,12,766248.5440000001,2023,2023-12-01
Neumáticos,1,41835739.712000035,2024,2024-01-01
Partes de Motor,1,32961384.53700002,2024,2024-01-01
Lubricantes,1,30008898.422000013,2024,2024-01-01
Filtros,1,16092386.35000001,2024,2024-01-01
Otros consumibles,1,9329506.559999993,2024,2024-01-01
Sistema de transmisión,1,7894586.412000008,2024,2024-01-01
Partes eléctricas,1,7661965.838999997,2024,2024-01-01
Partes de carrocería,1,6570598.516999987,2024,2024-01-01
Sistema de frenos,1,3905878.995999997,2024,2024-01-01
Baterías,1,4925436.563999998,2024,2024-01-01
Sistema de suspensión,1,4309228.098000004,2024,2024-01-01
Accesorios,1,2130345.9820000012,2024,2024-01-01
Productos de caucho,1,2630600.291000001,2024,2024-01-01
Sistema de dirección,1,2617065.462,2024,2024-01-01
Ruedas y sus partes,1,2028451.9419999998,2024,2024-01-01
Sistema de enfriamiento,1,1392775.5240000004,2024,2024-01-01
Ejes y diferencial,1,862943.8420000002,2024,2024-01-01
Sistema de escape,1,825729.773,2024,2024-01-01
Neumáticos,2,40321531.02000001,2024,2024-02-01
Partes de Motor,2,34135053.62800008,2024,2024-02-01
Lubricantes,2,47426878.221999966,2024,2024-02-01
Filtros,2,15857775.846999986,2024,2024-02-01
Otros consumibles,2,10439660.931000015,2024,2024-02-01
Sistema de transmisión,2,7399787.962999996,2024,2024-02-01
Partes eléctricas,2,6578513.700000001,2024,2024-02-01
Partes de carrocería,2,6254745.309000003,2024,2024-02-01
Sistema de frenos,2,5033333.977000003,2024,2024-02-01
Baterías,2,2503453.72,2024,2024-02-01
Sistema de suspensión,2,3048319.855,2024,2024-02-01
Accesorios,2,2540745.335999999,2024,2024-02-01
Productos de caucho,2,2930122.3330000015,2024,2024-02-01
Sistema de dirección,2,1816757.0060000014,2024,2024-02-01
Ruedas y sus partes,2,1059859.7440000006,2024,2024-02-01
Sistema de enfriamiento,2,1899020.9509999994,2024,2024-02-01
Ejes y diferencial,2,1325881.8929999997,2024,2024-02-01
Sistema de escape,2,928281.3459999999,2024,2024-02-01
Neumáticos,3,35605605.68500001,2024,2024-03-01
Partes de Motor,3,33433025.510999877,2024,2024-03-01
Lubricantes,3,31617930.891999993,2024,2024-03-01
Filtros,3,14244383.427000014,2024,2024-03-01
Otros consumibles,3,10735168.856999982,2024,2024-03-01
Sistema de transmisión,3,7612093.830000003,2024,2024-03-01
Partes eléctricas,3,6596237.624000014,2024,2024-03-01
Partes de carrocería,3,5911655.666999992,2024,2024-03-01
Sistema de frenos,3,5055245.111999998,2024,2024-03-01
Baterías,3,2905065.4700000016,2024,2024-03-01
Sistema de suspensión,3,3235908.5590000013,2024,2024-03-01
Accesorios,3,2381559.326999998,2024,2024-03-01
Productos de caucho,3,2293310.11,2024,2024-03-01
Sistema de dirección,3,2031313.4219999998,2024,2024-03-01
Ruedas y sus partes,3,946406.0530000003,2024,2024-03-01
Sistema de enfriamiento,3,1108950.1179999998,2024,2024-03-01
Ejes y diferencial,3,970134.4900000003,2024,2024-03-01
Sistema de escape,3,755508.7969999999,2024,2024-03-01
Neumáticos,4,51806702.75200005,2024,2024-04-01
Partes de Motor,4,34965058.61100004,2024,2024-04-01
Lubricantes,4,36864588.65100004,2024,2024-04-01
Filtros,4,19958192.125000022,2024,2024-04-01
Otros consumibles,4,13098264.577999981,2024,2024-04-01
Sistema de transmisión,4,6999585.662999993,2024,2024-04-01
Partes eléctricas,4,7734936.906999975,2024,2024-04-01
Partes de carrocería,4,7147934.665000009,2024,2024-04-01
Sistema de frenos,4,4719584.210999996,2024,2024-04-01
Baterías,4,3085818.2310000006,2024,2024-04-01
Sistema de suspensión,4,3754588.5589999957,2024,2024-04-01
Accesorios,4,3258681.0230000005,2024,2024-04-01
Productos de caucho,4,2711590.023999999,2024,2024-04-01
Sistema de dirección,4,2128533.158999999,2024,2024-04-01
Ruedas y sus partes,4,1203501.2900000003,2024,2024-04-01
Sistema de enfriamiento,4,1176902.7970000007,2024,2024-04-01
Ejes y diferencial,4,1249975.5210000002,2024,2024-04-01
Sistema de escape,4,805008.3469999998,2024,2024-04-01
Neumáticos,5,41140023.34599996,2024,2024-05-01
Partes de Motor,5,36997098.44600007,2024,2024-05-01
Lubricantes,5,26607446.691000015,2024,2024-05-01
Filtros,5,17069081.620999977,2024,2024-05-01
Otros consumibles,5,11748422.408999994,2024,2024-05-01
Sistema de transmisión,5,8477392.667999996,2024,2024-05-01
Partes eléctricas,5,7433274.447999997,2024,2024-05-01
Partes de carrocería,5,6734249.983000005,2024,2024-05-01
Sistema de frenos,5,5666646.112000003,2024,2024-05-01
Baterías,5,4613678.5709999995,2024,2024-05-01
Sistema de suspensión,5,3407936.4670000016,2024,2024-05-01
Accesorios,5,2407525.253000004,2024,2024-05-01
Productos de caucho,5,3129737.12,2024,2024-05-01
Sistema de dirección,5,1934979.697000001,2024,2024-05-01
Ruedas y sus partes,5,1607189.2599999988,2024,2024-05-01
Sistema de enfriamiento,5,1555641.4680000013,2024,2024-05-01
Ejes y diferencial,5,1434224.1749999996,2024,2024-05-01
Sistema de escape,5,719832.2450000001,2024,2024-05-01
Neumáticos,6,52409962.92199999,2024,2024-06-01
Partes de Motor,6,34851735.167000055,2024,2024-06-01
Lubricantes,6,32706065.639999993,2024,2024-06-01
Filtros,6,16701515.004999965,2024,2024-06-01
Otros consumibles,6,10912261.540000021,2024,2024-06-01
Sistema de transmisión,6,7059264.2390000075,2024,2024-06-01
Partes eléctricas,6,7488808.849999999,2024,2024-06-01
Partes de carrocería,6,6504778.879000004,2024,2024-06-01
Sistema de frenos,6,5056007.532000002,2024,2024-06-01
Baterías,6,3808256.634,2024,2024-06-01
Sistema de suspensión,6,3474649.149000002,2024,2024-06-01
Accesorios,6,3475817.365999997,2024,2024-06-01
Productos de caucho,6,2247403.970999998,2024,2024-06-01
Sistema de dirección,6,1728722.978,2024,2024-06-01
Ruedas y sus partes,6,1381551.2980000007,2024,2024-06-01
Sistema de enfriamiento,6,1136118.0100000002,2024,2024-06-01
Ejes y diferencial,6,863391.3979999999,2024,2024-06-01
Sistema de escape,6,723756.243,2024,2024-06-01
Neumáticos,7,51322846.51,2024,2024-07-01
Partes de Motor,7,34390661.632999964,2024,2024-07-01
Lubricantes,7,37676271.737,2024,2024-07-01
Filtros,7,14262669.129,2024,2024-07-01
Otros consumibles,7,11878199.166000022,2024,2024-07-01
Sistema de transmisión,7,8781357.055000003,2024,2024-07-01
Partes eléctricas,7,8268421.305,2024,2024-07-01
Partes de carrocería,7,8047326.21299999,2024,2024-07-01
Sistema de frenos,7,5694415.224999998,2024,2024-07-01
Baterías,7,3936700.9979999997,2024,2024-07-01
Sistema de suspensión,7,3264612.901999998,2024,2024-07-01
Accesorios,7,3834248.850000002,2024,2024-07-01
Productos de caucho,7,2839313.759000002,2024,2024-07-01
Sistema de dirección,7,1933693.563000001,2024,2024-07-01
Ruedas y sus partes,7,1830614.8239999977,2024,2024-07-01
Sistema de enfriamiento,7,1460070.7959999999,2024,2024-07-01
Ejes y diferencial,7,1138380.8529999997,2024,2024-07-01
Sistema de escape,7,768129.4229999996,2024,2024-07-01
Neumáticos,8,51310585.08400003,2024,2024-08-01
Partes de Motor,8,34031403.36999998,2024,2024-08-01
Lubricantes,8,35344629.45699995,2024,2024-08-01
Filtros,8,17512005.62400004,2024,2024-08-01
Otros consumibles,8,12204046.163999997,2024,2024-08-01
Sistema de transmisión,8,8077907.351999997,2024,2024-08-01
Partes eléctricas,8,8518626.661999993,2024,2024-08-01
Partes de carrocería,8,7936904.625000008,2024,2024-08-01
Sistema de frenos,8,5123475.365999999,2024,2024-08-01
Baterías,8,4882436.000000003,2024,2024-08-01
Sistema de suspensión,8,3609927.172999999,2024,2024-08-01
Accesorios,8,2411986.4769999995,2024,2024-08-01
Productos de caucho,8,3239808.027000006,2024,2024-08-01
Sistema de dirección,8,2725785.6399999987,2024,2024-08-01
Ruedas y sus partes,8,2020174.6850000005,2024,2024-08-01
Sistema de enfriamiento,8,1170327.6070000005,2024,2024-08-01
Ejes y diferencial,8,1552495.7700000003,2024,2024-08-01
Sistema de escape,8,813553.9019999999,2024,2024-08-01
Neumáticos,9,66984109.088999994,2024,2024-09-01
Partes de Motor,9,34154365.82900003,2024,2024-09-01
Lubricantes,9,25783421.758000024,2024,2024-09-01
Filtros,9,15219052.96099999,2024,2024-09-01
Otros consumibles,9,11332591.357000014,2024,2024-09-01
Sistema de transmisión,9,8142396.302999993,2024,2024-09-01
Partes eléctricas,9,7514220.807999985,2024,2024-09-01
Partes de carrocería,9,6929566.981000002,2024,2024-09-01
Sistema de frenos,9,4754249.362,2024,2024-09-01
Baterías,9,3294640.0739999996,2024,2024-09-01
Sistema de suspensión,9,3164251.872000001,2024,2024-09-01
Accesorios,9,2745779.2989999973,2024,2024-09-01
Productos de caucho,9,2815012.9420000003,2024,2024-09-01
Sistema de dirección,9,1459989.760000001,2024,2024-09-01
Ruedas y sus partes,9,1484327.3510000005,2024,2024-09-01
Sistema de enfriamiento,9,1437198.6699999985,2024,2024-09-01
Ejes y diferencial,9,878090.5770000005,2024,2024-09-01
Sistema de escape,9,682932.9380000001,2024,2024-09-01
Neumáticos,10,61611501.64600001,2024,2024-10-01
Partes de Motor,10,42357664.47599999,2024,2024-10-01
Lubricantes,10,44762829.47100002,2024,2024-10-01
Filtros,10,21488902.652999945,2024,2024-10-01
Otros consumibles,10,12356318.402000025,2024,2024-10-01
Sistema de transmisión,10,9827710.95599999,2024,2024-10-01
Partes eléctricas,10,9944049.520999989,2024,2024-10-01
Partes de carrocería,10,7579058.058999997,2024,2024-10-01
Sistema de frenos,10,5815178.914999991,2024,2024-10-01
Baterías,10,5356093.909000001,2024,2024-10-01
Sistema de suspensión,10,5117894.880999999,2024,2024-10-01
Accesorios,10,3945696.748999998,2024,2024-10-01
Productos de caucho,10,4224409.914,2024,2024-10-01
Sistema de dirección,10,2401147.3659999985,2024,2024-10-01
Ruedas y sus partes,10,2205313.405000001,2024,2024-10-01
Sistema de enfriamiento,10,1640383.7779999997,2024,2024-10-01
Ejes y diferencial,10,1139018.145999999,2024,2024-10-01
Sistema de escape,10,1014149.9630000002,2024,2024-10-01
Neumáticos,11,72390278.0209999,2024,2024-11-01
Partes de Motor,11,34963580.79399997,2024,2024-11-01
Lubricantes,11,33746507.022000015,2024,2024-11-01
Filtros,11,18599163.375000015,2024,2024-11-01
Otros consumibles,11,12328979.13400001,2024,2024-11-01
Sistema de transmisión,11,7420594.789999996,2024,2024-11-01
Partes eléctricas,11,8984336.934,2024,2024-11-01
Partes de carrocería,11,6598771.362999996,2024,2024-11-01
Sistema de frenos,11,4953437.400999997,2024,2024-11-01
Baterías,11,4194964.056,2024,2024-11-01
Sistema de suspensión,11,4485671.913000004,2024,2024-11-01
Accesorios,11,3630230.342000001,2024,2024-11-01
Productos de caucho,11,2174481.428999999,2024,2024-11-01
Sistema de dirección,11,1656160.7869999988,2024,2024-11-01
Ruedas y sus partes,11,2220360.6970000006,2024,2024-11-01
Sistema de enfriamiento,11,1489904.8009999997,2024,2024-11-01
Ejes y diferencial,11,1094230.0560000003,2024,2024-11-01
Sistema de escape,11,743309.5650000001,2024,2024-11-01
